<?xml version="1.0" encoding="UTF-8"?><rss version="2.0"
	xmlns:content="http://purl.org/rss/1.0/modules/content/"
	xmlns:wfw="http://wellformedweb.org/CommentAPI/"
	xmlns:dc="http://purl.org/dc/elements/1.1/"
	xmlns:atom="http://www.w3.org/2005/Atom"
	xmlns:sy="http://purl.org/rss/1.0/modules/syndication/"
	xmlns:slash="http://purl.org/rss/1.0/modules/slash/"
	>

<channel>
	<title>SolePower &#187; Blog</title>
	<atom:link href="/category/blog/feed/" rel="self" type="application/rss+xml" />
	<link>https://solepowertech.com</link>
	<description>Powering the future, one step at a time</description>
	<lastBuildDate>Wed, 25 Mar 2015 19:13:52 +0000</lastBuildDate>
	<language>en-US</language>
		<sy:updatePeriod>hourly</sy:updatePeriod>
		<sy:updateFrequency>1</sy:updateFrequency>
	<generator>http://wordpress.org/?v=4.0.1</generator>
	<item>
		<title>What It Means to be an Engineer: A Retrospective by David Matten</title>
		<link>https://solepowertech.com/2014/11/10/what-it-means-to-be-an-engineer-a-retrospective-by-david-matten/</link>
		<comments>https://solepowertech.com/2014/11/10/what-it-means-to-be-an-engineer-a-retrospective-by-david-matten/#comments</comments>
		<pubDate>Mon, 10 Nov 2014 19:21:29 +0000</pubDate>
		<dc:creator><![CDATA[SolePower]]></dc:creator>
				<category><![CDATA[Blog]]></category>

		<guid isPermaLink="false">https://solepowertech.com/?p=1430</guid>
		<description><![CDATA[SolePower Mechanical Engineer David Matten was asked by a student to describe his life as an engineer following a talk at the Carnegie Science Center. His response was fantastic: I get up every morning, shower and eat breakfast before heading into the office. Some engineers skip the shower and breakfast parts but I find them [&#8230;]<img src="http://track.hubspot.com/__ptq.gif?a=414308&k=14&bu=http%3A%2F%2Fsolepowertech.com&r=http%3A%2F%2Fsolepowertech.com%2F2014%2F11%2F10%2Fwhat-it-means-to-be-an-engineer-a-retrospective-by-david-matten%2F&bvt=rss&p=wordpress" style="float:left;" xml:base="https://solepowertech.com/feed/" width="1" height="1" border="0" align="right"/>]]></description>
				<content:encoded><![CDATA[<p style="text-align: center;"><img class="alignleft" style="padding-right: 10px;" src="/wp-content/uploads/2014/11/EngineeringLife-300x293.jpg" alt="" width="282" height="242" /></p>
<p>SolePower Mechanical Engineer David Matten was asked by a student to describe his life as an engineer following a talk at the Carnegie Science Center. His response was fantastic:</p>
<p>I get up every morning, shower and eat breakfast before heading into the office. Some engineers skip the shower and breakfast parts but I find them to be crucial. This is fairly typical for any engineer. When I get into the office I say good morning to my colleagues before actually attempting to get work done. Many engineers skip this step but I find that it helps with morale.</p>
<p><strong>Some tasks that I&#8217;ll work on during a typical day can be:</strong></p>
<p>1) Respond to technical emails: Every engineer should expects tons of emails asking simple questions. Depending on the severity of the question, there may also be a phone call or a meeting.</p>
<p>2) Meeting: There will normally be a meeting at some point. Either I&#8217;m running an idea by my co-workers, they&#8217;re trying to run an idea by me, someone&#8217;s trying to figure out what I&#8217;m doing or we&#8217;re trying to figure out where to go for lunch.</p>
<p>3) Design stuff: This could be analysis of a problem, sketching of concepts, or making/updating cad designs. This is generally done using a whiteboard, sheets of paper, or Microsoft Excel. Different companies have slightly different processes, including the dreaded TPS report. Fortunately we don&#8217;t use them.</p>
<p>4) Review design: Look over someone else&#8217;s designs or have someone look over my designs. This is important because we want our stuff to work and, in large scale/size projects such as bridge designs, the engineers don&#8217;t want to be responsible for killing people. We may also go talk with specialists who have the potential to add a lot of information but generally end up saying &#8216;it doesn&#8217;t matter&#8217;.</p>
<p>5) Lunch: This is a good time to get away from your desk and socialize with colleagues. Not all colleagues eat lunch and some don&#8217;t particularly care to socialize. This can vary slightly from company to company.</p>
<p>6) Outreach: It is important to us to help promote engineering and our company. This can consist of giving speeches, answering questions on forums or writing blog posts for the marketing people.</p>
<p>7) Prototyping: If parts have been ordered and received then the parts need to be tested. This can involve measuring parts to make sure they&#8217;ve been made to the correct specifications, assembling the designed widget, modifying parts, machining parts, etc.</p>
<p>8) Testing: Once a prototype has been made it is tested to discover how poorly it works. If it does work then it is tested until it no longer works. If it works forever then you test more until they all work.</p>
<p>9) Busy work: There&#8217;s always a task that no one wants that takes practically zero brainpower. Depending on the size of the company, busy work could be filling out forms, planning the logistics for the holiday party, getting the printer to work, obtaining signatures from half a dozen people who are never in their office etc. As you progress higher up through the company you can give an underling the busy work you don&#8217;t care to do.</p>
<p style="text-align: center;"><img class="aligncenter" src="/wp-content/uploads/2014/11/SuperHeroEngineer.jpeg" alt="SuperHeroEngineer" width="188" height="268" /></p>
<p>After a day at work I head home to hang out with friends, eat dinner and generally relax. There are some engineers who don&#8217;t believe in friends, relaxation or going home. Most of the engineers I know eat dinner but it isn&#8217;t a given.</p>
<p>For the most part I think this is the day in the life of a typical engineer. The size of the things they&#8217;re working on, the types of problems, the prototyping and testing will vary between fields but the categories should stay the same.</p>
<img src="http://track.hubspot.com/__ptq.gif?a=414308&k=14&bu=http%3A%2F%2Fsolepowertech.com&r=http%3A%2F%2Fsolepowertech.com%2F2014%2F11%2F10%2Fwhat-it-means-to-be-an-engineer-a-retrospective-by-david-matten%2F&bvt=rss&p=wordpress" style="float:left;" xml:base="https://solepowertech.com/feed/" width="1" height="1" border="0" align="right"/>]]></content:encoded>
			<wfw:commentRss>https://solepowertech.com/2014/11/10/what-it-means-to-be-an-engineer-a-retrospective-by-david-matten/feed/</wfw:commentRss>
		<slash:comments>0</slash:comments>
		</item>
		<item>
		<title>On the Trail: Abandoned Places</title>
		<link>https://solepowertech.com/2014/10/06/1400/</link>
		<comments>https://solepowertech.com/2014/10/06/1400/#comments</comments>
		<pubDate>Mon, 06 Oct 2014 18:07:03 +0000</pubDate>
		<dc:creator><![CDATA[SolePower]]></dc:creator>
				<category><![CDATA[Blog]]></category>

		<guid isPermaLink="false">https://solepowertech.com/?p=1400</guid>
		<description><![CDATA[On a recent product testing hike, SolePower CEO Matt Stanton came across an abandoned ski resort in rural Pennsylvania. We&#8217;d like to share the captivating photos with you. Enjoy! &#160; &#160; &#160;<img src="http://track.hubspot.com/__ptq.gif?a=414308&k=14&bu=http%3A%2F%2Fsolepowertech.com&r=http%3A%2F%2Fsolepowertech.com%2F2014%2F10%2F06%2F1400%2F&bvt=rss&p=wordpress" style="float:left;" xml:base="https://solepowertech.com/feed/" width="1" height="1" border="0" align="right"/>]]></description>
				<content:encoded><![CDATA[<p>On a recent product testing hike, SolePower CEO Matt Stanton came across an abandoned ski resort in rural Pennsylvania. We&#8217;d like to share the captivating photos with you. Enjoy!</p>
<p style="text-align: center;"><img class="aligncenter size-full wp-image-1415" src="/wp-content/uploads/2014/10/SkiSign.jpg" alt="SkiSign" width="540" height="960" /></p>
<p><img class="aligncenter size-full wp-image-1403" src="/wp-content/uploads/2014/10/Skiing.jpg" alt="Skiing" width="960" height="540" /></p>
<p><img class="aligncenter size-full wp-image-1414" src="/wp-content/uploads/2014/10/SkiLodge4.jpg" alt="SkiLodge4" width="960" height="540" /></p>
<p><img class="aligncenter size-full wp-image-1413" src="/wp-content/uploads/2014/10/SkiLodge3.jpg" alt="SkiLodge3" width="960" height="540" /></p>
<p><img class="aligncenter size-full wp-image-1412" src="/wp-content/uploads/2014/10/SkiLodge2.jpg" alt="SkiLodge2" width="960" height="540" /></p>
<p><img class="aligncenter size-full wp-image-1411" src="/wp-content/uploads/2014/10/SkiLodge.jpg" alt="SkiLodge" width="960" height="540" /></p>
<p><img class="aligncenter size-full wp-image-1407" src="/wp-content/uploads/2014/10/SkiLift2.jpg" alt="SkiLift2" width="960" height="540" /></p>
<p><img class="aligncenter size-full wp-image-1410" src="/wp-content/uploads/2014/10/SkiLift5.jpg" alt="SkiLift5" width="960" height="540" /></p>
<p><img class="aligncenter size-full wp-image-1409" src="/wp-content/uploads/2014/10/SkiLift4.jpg" alt="SkiLift4" width="960" height="540" /></p>
<p><img class="aligncenter size-full wp-image-1408" src="/wp-content/uploads/2014/10/SkiLift3.jpg" alt="SkiLift3" width="960" height="540" /></p>
<p><img class="aligncenter size-full wp-image-1417" src="/wp-content/uploads/2014/10/SkiSlope2.jpg" alt="SkiSlope2" width="960" height="540" /></p>
<p><img class="aligncenter size-full wp-image-1416" src="/wp-content/uploads/2014/10/SkiSlope.jpg" alt="SkiSlope" width="960" height="540" /></p>
<p><img class="aligncenter size-full wp-image-1405" src="/wp-content/uploads/2014/10/SkiLake.jpg" alt="SkiLake" width="960" height="540" /></p>
<p><img class="aligncenter size-full wp-image-1404" src="/wp-content/uploads/2014/10/SkiKayak.jpg" alt="SkiKayak" width="960" height="540" /></p>
<p><img class="aligncenter size-full wp-image-1402" src="/wp-content/uploads/2014/10/SkiGrounds.jpg" alt="SkiGrounds" width="960" height="540" /></p>
<p>&nbsp;</p>
<p>&nbsp;</p>
<p>&nbsp;</p>
<img src="http://track.hubspot.com/__ptq.gif?a=414308&k=14&bu=http%3A%2F%2Fsolepowertech.com&r=http%3A%2F%2Fsolepowertech.com%2F2014%2F10%2F06%2F1400%2F&bvt=rss&p=wordpress" style="float:left;" xml:base="https://solepowertech.com/feed/" width="1" height="1" border="0" align="right"/>]]></content:encoded>
			<wfw:commentRss>https://solepowertech.com/2014/10/06/1400/feed/</wfw:commentRss>
		<slash:comments>0</slash:comments>
		</item>
		<item>
		<title>Power Struggles</title>
		<link>https://solepowertech.com/2014/09/29/power-struggles/</link>
		<comments>https://solepowertech.com/2014/09/29/power-struggles/#comments</comments>
		<pubDate>Mon, 29 Sep 2014 18:46:29 +0000</pubDate>
		<dc:creator><![CDATA[SolePower]]></dc:creator>
				<category><![CDATA[Blog]]></category>

		<guid isPermaLink="false">https://solepowertech.com/?p=1390</guid>
		<description><![CDATA[Battery life is a common and irritating problem shared by all electronic consumers. Why doesn’t my battery last longer? Ok, it lasts longer. Now it weighs too much! These are pretty typical concerns that many users have regarding mobile electronics.  After all, electronic devices have gotten significantly faster over the past few years. New computers [&#8230;]<img src="http://track.hubspot.com/__ptq.gif?a=414308&k=14&bu=http%3A%2F%2Fsolepowertech.com&r=http%3A%2F%2Fsolepowertech.com%2F2014%2F09%2F29%2Fpower-struggles%2F&bvt=rss&p=wordpress" style="float:left;" xml:base="https://solepowertech.com/feed/" width="1" height="1" border="0" align="right"/>]]></description>
				<content:encoded><![CDATA[<p>Battery life is a common and irritating problem shared by all electronic consumers.</p>
<p><em>Why doesn’t my battery last longer?</em><br />
<em>Ok, it lasts longer. Now it weighs too much!</em></p>
<p>These are pretty typical concerns that many users have regarding mobile electronics.  After all, electronic devices have gotten significantly faster over the past few years. New computers are quicker than old computers, new smartphones outpace old phones. In fact, new smartphones are more powerful than old computers.  This is because of more powerful CPUs, or central processing units. The ‘brains’ of your electronic device, CPUs, require increasing numbers of switches, or transistors, to handle the complicated functions now completely by devices. The transistors require less power individually, but because there are so many more, there is a greater demand for power, leaving us with two options: <em>bigger battery or shorter battery life</em>.</p>
<p>Batteries, for the most part, increase volume at the same rate as they increase capacity. In order to double battery life, you must make it roughly twice as big and twice as heavy. This quickly becomes a problem, as batteries rapidly grow beyond a convenient size. In addition, the CPUs we’re powering follow Moore’s Law &#8211; the number of transistors in integrated circuits, such as CPUs, double every two years (as seen below):</p>
<p style="text-align: center;"><img class="aligncenter" src="http://rapidconsultingusa.com/wp-content/uploads/2013/04/Atego-Java-Figure-1.jpg" alt="" width="779" height="546" /></p>
<p>As we pointed out before, as the number of transistors increases, so does the amount of power needed to run the system. Over the years, new breakthroughs in technology have shrunk transistors, allowing more of them to exist on the same chip, in the same area as old CPUs. Unfortunately, no such breakthrough has occurred with batteries. </p>
<p>Because of this, we are using the same 20-year-old battery technology with brand new devices. Since huge advances in battery technology are unlikely in the immediate future, we are now looking towards new, more efficient ways to keep the batteries we have charged longer. Companies like us hope to solve this issue by finding alternative sources of power. In harvesting kinetic energy, we hope to sever the tether to wall power and move to mobile power sources.</p>
<img src="http://track.hubspot.com/__ptq.gif?a=414308&k=14&bu=http%3A%2F%2Fsolepowertech.com&r=http%3A%2F%2Fsolepowertech.com%2F2014%2F09%2F29%2Fpower-struggles%2F&bvt=rss&p=wordpress" style="float:left;" xml:base="https://solepowertech.com/feed/" width="1" height="1" border="0" align="right"/>]]></content:encoded>
			<wfw:commentRss>https://solepowertech.com/2014/09/29/power-struggles/feed/</wfw:commentRss>
		<slash:comments>0</slash:comments>
		</item>
		<item>
		<title>SoleMates: Matthew Stanton, Co-Founder and CEO</title>
		<link>https://solepowertech.com/2014/09/22/solemates-matthew-stanton-co-founder-and-ceo/</link>
		<comments>https://solepowertech.com/2014/09/22/solemates-matthew-stanton-co-founder-and-ceo/#comments</comments>
		<pubDate>Mon, 22 Sep 2014 15:00:37 +0000</pubDate>
		<dc:creator><![CDATA[SolePower]]></dc:creator>
				<category><![CDATA[Blog]]></category>

		<guid isPermaLink="false">https://solepowertech.com/?p=1320</guid>
		<description><![CDATA[Each month, SolePower features a member of our team on our blog. First up, Co-Founder and CEO Matthew Stanton.  Matthew Stanton was born in New Jersey where he lived for 8 years prior to moving to the Philadelphia suburbs. He a middle child, sandwiched between two brothers. A life-long outdoor enthusiast, he enjoys fishing, canoeing, and hiking. As a [&#8230;]<img src="http://track.hubspot.com/__ptq.gif?a=414308&k=14&bu=http%3A%2F%2Fsolepowertech.com&r=http%3A%2F%2Fsolepowertech.com%2F2014%2F09%2F22%2Fsolemates-matthew-stanton-co-founder-and-ceo%2F&bvt=rss&p=wordpress" style="float:left;" xml:base="https://solepowertech.com/feed/" width="1" height="1" border="0" align="right"/>]]></description>
				<content:encoded><![CDATA[<p><em>Each month, SolePower features a member of our team on our blog. First up, Co-Founder and CEO Matthew Stanton. </em></p>
<p><img class="" style="margin-right: 20px;" src="/wp-content/uploads/2014/09/CoolHandMatt-150x150.jpg" alt="CoolHandMatt" width="150" height="150" align="left" />Matthew Stanton was born in New Jersey where he lived for 8 years prior to moving to the Philadelphia suburbs. He a middle child, sandwiched between two brothers. A life-long outdoor enthusiast, he enjoys fishing, canoeing, and hiking. As a child, he traveled throughout the Northeast with his family on annual camping and skiing trips.  Favorite memories include hiking Mt. Washington and Cadillac Mountain and skiing at Killington, Stow, and Jay Peak.</p>
<p><img class="" style="margin-right: 20px;" src="/wp-content/uploads/2014/09/notallengineers-232x300.png" alt="notallengineers" width="173" height="223" align="right" />In addition to his outdoor pursuits, Matt is an accomplished swimmer. He began swimming competitively at the age of 10 and qualified for YMCA Short Course Nationals during his freshman year of high school. At the collegiate level, he qualified for Division III Nationals, earning All-American Honors.</p>
<p>As the child of two mechanical engineers, Matt was exposed to engineering at a very young age. His favorite coloring book was <em>Not All Engineers Drive Trains</em>. So really, it&#8217;s no surprise he grew up to be a mechanical engineer. A Carnegie Mellon University Alumnus,  Matt earned a Masters in Engineering with a minor in Business in just four-and-a-half years, graduating with honors. Immediately after graduation, he and fellow co-founder Hahna Alexander began to working full time on SolePower. He has never looked back.</p>
<table style="width: 100%;">
<tbody>
<tr>
<td><img class="aligncenter wp-image-1330 size-medium" src="/wp-content/uploads/2014/09/mattcanoeing1-290x300.png" alt="mattcanoeing" width="290" height="300" /></td>
<td><img class="aligncenter wp-image-1323 size-medium" src="/wp-content/uploads/2014/09/mattrafting-300x228.png" alt="mattrafting" width="300" height="228" /></td>
<td><img class="aligncenter wp-image-1324 size-medium" src="/wp-content/uploads/2014/09/mattskiing-300x243.png" alt="mattskiing" width="300" height="243" /></td>
</tr>
</tbody>
</table>
<img src="http://track.hubspot.com/__ptq.gif?a=414308&k=14&bu=http%3A%2F%2Fsolepowertech.com&r=http%3A%2F%2Fsolepowertech.com%2F2014%2F09%2F22%2Fsolemates-matthew-stanton-co-founder-and-ceo%2F&bvt=rss&p=wordpress" style="float:left;" xml:base="https://solepowertech.com/feed/" width="1" height="1" border="0" align="right"/>]]></content:encoded>
			<wfw:commentRss>https://solepowertech.com/2014/09/22/solemates-matthew-stanton-co-founder-and-ceo/feed/</wfw:commentRss>
		<slash:comments>0</slash:comments>
		</item>
		<item>
		<title>The Need for Off-Grid Energy Solutions</title>
		<link>https://solepowertech.com/2014/09/15/the-power-of-portable-power/</link>
		<comments>https://solepowertech.com/2014/09/15/the-power-of-portable-power/#comments</comments>
		<pubDate>Mon, 15 Sep 2014 21:06:15 +0000</pubDate>
		<dc:creator><![CDATA[SolePower]]></dc:creator>
				<category><![CDATA[Blog]]></category>

		<guid isPermaLink="false">https://solepowertech.com/?p=1298</guid>
		<description><![CDATA[You’re reading this blog post on a device that requires electricity! Ok, that’s a pretty obvious statement. But consider, for a moment, the impact reliable energy has on your life – how it’s impacted your ability to secure an education, health care, properly prepared food, and clean water – how it’s instrumental in your participation [&#8230;]<img src="http://track.hubspot.com/__ptq.gif?a=414308&k=14&bu=http%3A%2F%2Fsolepowertech.com&r=http%3A%2F%2Fsolepowertech.com%2F2014%2F09%2F15%2Fthe-power-of-portable-power%2F&bvt=rss&p=wordpress" style="float:left;" xml:base="https://solepowertech.com/feed/" width="1" height="1" border="0" align="right"/>]]></description>
				<content:encoded><![CDATA[<p style="text-align: center;"><img class="aligncenter wp-image-1299 size-medium" src="/wp-content/uploads/2014/09/EnergyPoverty-300x200.jpg" alt="EnergyPoverty" width="300" height="200" /></p>
<p>You’re reading this blog post on a device that requires electricity!</p>
<p>Ok, that’s a pretty obvious statement.</p>
<p>But consider, for a moment, the impact reliable energy has on your life – how it’s impacted your ability to secure an education, health care, properly prepared food, and clean water – how it’s instrumental in your participation in the economy.</p>
<p>Energy poverty is the lack of access to modern energy services such as electricity and clean cooking facilities. The reality of energy poverty is dramatic.</p>
<p><em>- Over 1.3 billion people live without access to electricity and 2.7 billion people are without clean cooking facilities.</p>
<p>&#8211; More than 95% of these people are either in Sub-Saharan Africa or developing Asia and 84% are in rural areas.</p>
<p>&#8211; It would take an annual investment of over <a href="http://www.worldenergyoutlook.org/resources/energydevelopment/energyforallfinancingaccessforthepoor/" target="_blank">$48 billion per year</a> to provide universal modern energy access to all by 2030.</p>
<p>&#8211; Developing countries with the most traditional energy contain the people with the least access to it. Nigeria is the leading producer of oil in Africa, yet it has the second highest number of people without safe energy in the world.</p>
<p>&#8211; <a href="http://www.who.int/mediacentre/factsheets/fs292/en/" target="_blank">Energy poverty is deadly</a>. Over 4 million people die prematurely from illness attributable to the household air pollution from cooking with solid fuels. </p>
<p>&#8211; Lack of electricity means young people cannot study after dark, causing many children to fall behind or drop out of schooling altogether.</em></p>
<p>Energy poverty is a crisis we’re unlikely to overcome through solutions that involve a traditional power grid. By supporting, researching, and developing off-grid energy solutions, we’re helping individuals in developing nations gain clean, reliable power. That means growing access to appropriate health care, greater opportunities to communicate with the rest of the world, improved educational prospects, safer food preparation, cleaner water, and a step towards ending extreme poverty. Ultimately, off-grid energy solutions represent an opportunity to address a critical global problem both safely and sustainably – something that we can all stand behind.</p>
<img src="http://track.hubspot.com/__ptq.gif?a=414308&k=14&bu=http%3A%2F%2Fsolepowertech.com&r=http%3A%2F%2Fsolepowertech.com%2F2014%2F09%2F15%2Fthe-power-of-portable-power%2F&bvt=rss&p=wordpress" style="float:left;" xml:base="https://solepowertech.com/feed/" width="1" height="1" border="0" align="right"/>]]></content:encoded>
			<wfw:commentRss>https://solepowertech.com/2014/09/15/the-power-of-portable-power/feed/</wfw:commentRss>
		<slash:comments>0</slash:comments>
		</item>
		<item>
		<title>The 8 People you Meet on the Trail</title>
		<link>https://solepowertech.com/2014/09/08/the-8-people-you-meet-on-the-trail/</link>
		<comments>https://solepowertech.com/2014/09/08/the-8-people-you-meet-on-the-trail/#comments</comments>
		<pubDate>Mon, 08 Sep 2014 19:30:00 +0000</pubDate>
		<dc:creator><![CDATA[SolePower]]></dc:creator>
				<category><![CDATA[Blog]]></category>

		<guid isPermaLink="false">https://solepowertech.com/?p=1279</guid>
		<description><![CDATA[When you are out exploring the great outdoors, no matter how far away you go, there are always certain people you meet along the way. The Local Outdoor Adventurer This is person you meet who knows the region better than you could ever imagine. They have insights into the where you are hiking that only someone [&#8230;]<img src="http://track.hubspot.com/__ptq.gif?a=414308&k=14&bu=http%3A%2F%2Fsolepowertech.com&r=http%3A%2F%2Fsolepowertech.com%2F2014%2F09%2F08%2Fthe-8-people-you-meet-on-the-trail%2F&bvt=rss&p=wordpress" style="float:left;" xml:base="https://solepowertech.com/feed/" width="1" height="1" border="0" align="right"/>]]></description>
				<content:encoded><![CDATA[<p>When you are out exploring the great outdoors, no matter how far away you go, there are always certain people you meet along the way.</p>
<table border="0" width="100%" cellspacing="0" cellpadding="5">
<tbody>
<tr>
<td align="center" width="200px"><img class="aligncenter wp-image-1291 size-thumbnail" src="/wp-content/uploads/2014/09/steely-150x150.jpg" alt="steely" width="150" height="150" /></td>
<td style="vertical-align: middle;"><strong>The Local Outdoor Adventurer</strong></p>
<p>This is person you meet who knows the region better than you could ever imagine. They have insights into the where you are hiking that only someone who has hiked the trial a thousand times could have. While they might not share their favorite spots with you, befriending a local on the trail can greatly enhance your trip.</td>
</tr>
<tr>
<td align="center" width="200px"><img class="aligncenter wp-image-1284 size-thumbnail" src="/wp-content/uploads/2014/09/hippies-150x150.jpg" alt="hippies" width="150" height="150" /></td>
<td style="vertical-align: middle;"><strong>The Hippie</strong></p>
<p>These people love the outdoors and are truly happy to be there. They find a certain Zen like energy from being in the outdoors and are generally the friendliest people on the trial. They love everything about their surroundings and are willing to offer help, guidance or a friendly face to talk to if needed.</td>
</tr>
<tr>
<td align="center" width="200px"><img class="wp-image-1282 aligncenter" src="/wp-content/uploads/2014/09/gandalf-150x150.jpg" alt="gandalf" width="150" height="150" /></td>
<td style="vertical-align: middle;"><strong>The Gray Beard</strong></p>
<p>This is the person you meet who is by far your elder. They have seen, hiked and experienced things beyond your wildest imagination. If you are a grey beard you know what we are talking about. They love what they do and can offer tremendous amounts of insights not only to your current adventure but on life in general.</td>
</tr>
<tr>
<td align="center" width="200px"><img class="alignnone size-thumbnail wp-image-1285 aligncenter" src="/wp-content/uploads/2014/09/backpack-150x150.jpg" alt="backpack" width="150" height="150" /></td>
<td style="vertical-align: middle;"><strong>The Over-Prepared</strong></p>
<p>Now this guy or gal is intense. They have enough gear to hike Everest even though they are tooling around the backcountry trails of PA. A -30 degree sleeping bag and an alpine bomb shelter is the gear they always carry. But they are a great person to have with you in a pinch.</td>
</tr>
<tr>
<td align="center" width="200px"><img class="alignnone size-thumbnail wp-image-1286 aligncenter" src="/wp-content/uploads/2014/09/shortsinwinter-150x150.jpg" alt="shortsinwinter" width="150" height="150" /></td>
<td style="vertical-align: middle;"><strong>The Under-Prepared</strong></p>
<p>This is the person on the trail brings some blankets in a school bag, slaps together a few gourmet peanut butter and jelly sandwiches and firmly believes they are ready for a three day trip. When you are out there and see this person their mood depends on how long they have been on the trail.</td>
</tr>
<tr>
<td align="center" width="200px"><img class="alignnone size-thumbnail wp-image-1287 aligncenter" src="/wp-content/uploads/2014/09/toadstool-150x150.png" alt="toadstool" width="150" height="150" /></td>
<td style="vertical-align: middle;"><strong>The Fungus Expert</strong></p>
<p>This person could tell you anything you could ever want to know about plants. From that rare fern you just walked passed to the exotic fungi growing on the tree. They know it all. They are especially interesting people to get to know on a trail.</td>
</tr>
<tr>
<td align="center" width="200px"><img class="alignnone size-thumbnail wp-image-1288 aligncenter" src="/wp-content/uploads/2014/09/z-paparazzi-150x150.gif" alt="z-paparazzi" width="150" height="150" /></td>
<td style="vertical-align: middle;"><strong>The Photographer</strong></p>
<p>This person has everything thing from a point and shoot to a new DSLR in their pack. They may be in search of vistas or just some nice shots in the woods but they are out on a mission. They generally smile and wave but then it’s back to business.</td>
</tr>
<tr>
<td align="center" width="200px"><img class="alignnone size-thumbnail wp-image-1289 aligncenter" src="/wp-content/uploads/2014/09/sound_of_music-150x150.jpg" alt="sound_of_music" width="150" height="150" /></td>
<td style="vertical-align: middle;"><strong>Families</strong></p>
<p>Seeing Parents out with their kids are is always great! They could be teaching about the outdoors or just spending quality time with the family. Hiking as a family can bring you together and is a great way to get kids interested in the outdoors.</td>
</tr>
</tbody>
</table>
<p>&nbsp;</p>
<p>But what everyone we’ve met on the trail has had one thing in common, they love going out to enjoy the outdoors. So whether you classify yourself as keep on hiking.</p>
<img src="http://track.hubspot.com/__ptq.gif?a=414308&k=14&bu=http%3A%2F%2Fsolepowertech.com&r=http%3A%2F%2Fsolepowertech.com%2F2014%2F09%2F08%2Fthe-8-people-you-meet-on-the-trail%2F&bvt=rss&p=wordpress" style="float:left;" xml:base="https://solepowertech.com/feed/" width="1" height="1" border="0" align="right"/>]]></content:encoded>
			<wfw:commentRss>https://solepowertech.com/2014/09/08/the-8-people-you-meet-on-the-trail/feed/</wfw:commentRss>
		<slash:comments>0</slash:comments>
		</item>
		<item>
		<title>The Nail on the Head</title>
		<link>https://solepowertech.com/2014/04/09/the-nail-on-the-head/</link>
		<comments>https://solepowertech.com/2014/04/09/the-nail-on-the-head/#comments</comments>
		<pubDate>Wed, 09 Apr 2014 16:07:28 +0000</pubDate>
		<dc:creator><![CDATA[SolePower]]></dc:creator>
				<category><![CDATA[Blog]]></category>

		<guid isPermaLink="false">https://solepowertech.com/?p=1191</guid>
		<description><![CDATA[Through high school and college, I worked for my aunt and uncle&#8217;s import/wholesale business. Over the years, I wore many hats but one of my more memorable jobs was to fix merchandise that arrived with issues. One summer, I spent weeks ‘correcting’ anatomically correct elephant figurines. You never knew what was going to show up [&#8230;]<img src="http://track.hubspot.com/__ptq.gif?a=414308&k=14&bu=http%3A%2F%2Fsolepowertech.com&r=http%3A%2F%2Fsolepowertech.com%2F2014%2F04%2F09%2Fthe-nail-on-the-head%2F&bvt=rss&p=wordpress" style="float:left;" xml:base="https://solepowertech.com/feed/" width="1" height="1" border="0" align="right"/>]]></description>
				<content:encoded><![CDATA[<p><center><img src="/wp-content/uploads/2014/04/article-2070586-0F0EDCD400000578-826_634x460.jpg" alt="article-2070586-0F0EDCD400000578-826_634x460" width="634" height="460" class="alignnone size-full wp-image-1197" /></center></p>
<p>Through high school and college, I worked for my aunt and uncle&#8217;s import/wholesale business.  Over the years, I wore many hats but one of my more memorable jobs was to fix merchandise that arrived with issues.  One summer, I spent weeks ‘correcting’ anatomically correct elephant figurines.  You never knew what was going to show up in the warehouse&#8230;  I was fortunate to gain a wide variety of experience during those years and grew to love the entrepreneurial spirit of small businesses.<br />
<br />
<span id="more-1191"></span></p>
<p>This experience translated well into the ten years I worked for a manufacturers rep firm.  The firm was relatively large (40 employees) and sold into Target, Best Buy, Menards (a regional hardware chain) and a collection of other regional retailers; my focus was with Best Buy.  In my time there, I saw thousands of different products and I worked with a team that had pretty much seen everything. Seldom did we come across a product that was completely and entirely novel.   When it did happen, sometimes it was so novel that it&#8217;s purpose was difficult to grasp&#8230; (I’m being nice.)  But other times, the novelty was brilliant.</p>
<p>The trick with a completely novel product concept is that it is completely novel. Does it actually solve a problem?  Is the timing right?  Will people get it?</p>
<p>I think SolePower has hit the novel nail on the head.</p>
<p><strong>Does it Solve a Problem?</strong></p>
<p>YES.  Right now, there are more wireless devices in the world then there are people and the global wireless accessory market is on track to hit $50B by 2015.   Today&#8217;s technology is moving dramatically faster than the evolution of (commercialized) battery technology.  Since 2007, cell phone processing demands have increased by over 90% and the only evolution with batteries has been to make them bigger.  My smart phone never lasts a full day with it&#8217;s overnight charge and I am generally posted up by an outlet no later than 2:00 PM every day. I am in good company with this dilemma. </p>
<p>If you have a few hundred hours to spare, dive into this little wireless wormhole:   http://www.ctia.org/resource-library</p>
<p><strong>Is the timing right?</strong></p>
<p>The buzz this past <a href="http://www.cesweb.org/" target="_blank">CES</a> was wearable tech.   Regular people are buying and wearing video cameras mounted to their head, health monitors, GPS tracking watches for running/biking, etc.  Early adopters are having <a href="http://www.popularmechanics.com/science/health/breakthroughs/new-electronic-sensors-stick-to-your-skin" target="_blank">sensors</a> embedded onto their skin…   </p>
<p>The timing is absolutely right for SolePower because we are offering an extremely functional solution to a common universal problem.   Our wearable tech doesn&#8217;t track dreams (currently), provide users with health data (yet), or take pictures when you blink twice (probably never). SolePower falls within the workhorse category for wearables.  We offer the gift of power, required by all.  Right now. </p>
<p><strong>Will people get it?</strong></p>
<p>Charging solutions and accessories fall within a well defined category (or subclass) at most relevant retailers.  Sometimes, a novel product can get lost in the retail shuffle if it does not neatly fit into a specific and currently existing category&#8230; As a sales rep, it can be a massive problem when buyers can&#8217;t determine which category your product should be placed.   Solar<br />
technologies have international awareness and there are many products on the market that can provide back-up battery power.  We are providing a solution that while novel, plays very nicely in the charging category sandbox.  </p>
<p>That said, we have no illusion that all we have to do is get on retail shelves and the product will start flying&#8230; We will be employing campaigns to help educate both consumers and industry partners.  Our official product debut will be at the Outdoor Retail Show this August and<br />
things should start getting really interesting from there&#8230;.</p>
<p>Stay tuned.  </p>
<img src="http://track.hubspot.com/__ptq.gif?a=414308&k=14&bu=http%3A%2F%2Fsolepowertech.com&r=http%3A%2F%2Fsolepowertech.com%2F2014%2F04%2F09%2Fthe-nail-on-the-head%2F&bvt=rss&p=wordpress" style="float:left;" xml:base="https://solepowertech.com/feed/" width="1" height="1" border="0" align="right"/>]]></content:encoded>
			<wfw:commentRss>https://solepowertech.com/2014/04/09/the-nail-on-the-head/feed/</wfw:commentRss>
		<slash:comments>0</slash:comments>
		</item>
		<item>
		<title>A Guide to Kickstarter</title>
		<link>https://solepowertech.com/2014/03/12/a-guide-to-kickstarter/</link>
		<comments>https://solepowertech.com/2014/03/12/a-guide-to-kickstarter/#comments</comments>
		<pubDate>Wed, 12 Mar 2014 17:13:11 +0000</pubDate>
		<dc:creator><![CDATA[SolePower]]></dc:creator>
				<category><![CDATA[Blog]]></category>

		<guid isPermaLink="false">https://solepowertech.com/?p=1094</guid>
		<description><![CDATA[Summary: “5 Tips for Kickstarter” and “3 Super Important FAQs”. If you’re planning to start your own Kickstarter or are just interested in the process, hopefully this post will be helpful! Summaries are at the end of every section, and there&#8217;s an FAQ at the very end. If you’re unfamiliar with Kickstarter, it’s a crowdfunding [&#8230;]<img src="http://track.hubspot.com/__ptq.gif?a=414308&k=14&bu=http%3A%2F%2Fsolepowertech.com&r=http%3A%2F%2Fsolepowertech.com%2F2014%2F03%2F12%2Fa-guide-to-kickstarter%2F&bvt=rss&p=wordpress" style="float:left;" xml:base="https://solepowertech.com/feed/" width="1" height="1" border="0" align="right"/>]]></description>
				<content:encoded><![CDATA[<p dir="ltr"><em><strong>Summary:</strong> “5 Tips for Kickstarter” and “3 Super Important FAQs”. If you’re planning to start your own Kickstarter or are just interested in the process, hopefully this post will be helpful! Summaries are at the end of every section, and there&#8217;s an FAQ at the very end.</em></p>
<p dir="ltr">If you’re unfamiliar with Kickstarter, it’s a crowdfunding platform in which inventors (<a title="SolePower Team" href="/team/" target="_blank">like us</a>) post projects (<a title="SolePower: Power by Walking Campaign " href="https://www.kickstarter.com/projects/764467377/solepower-power-by-walking-0" target="_blank">like this</a>) in order that “backers” will give money to the project in exchange for rewards. Usually less expensive rewards involve t-shirts, bumper stickers, and other promotional materials while more expensive rewards return the actual product. In essence, it’s a way for inventors to raise money from the masses in order to see their idea to fruition. Most often the money is used to actually finalize and manufacture the product, so there is some risk involved in the small investment made by the backers. But the benefit is that backers get the opportunity to support or pre-order creative products made by innovative, everyday people.</p>
<p><span id="more-1094"></span></p>
<p dir="ltr">The process of running a Kickstarter campaign, however, is a lot of hard work. Inventors have a responsibility to their backers to deliver their product on time. They also need to meet a minimum “Ask” goal in order to receive any of the money from other supporters. So if a project claims $50,000 is needed to manufacture the product, and only $49,000 is raised, all the money is returned to the backers and the project receives nothing. (<a title="Kickstarter About Page" href="https://www.kickstarter.com/hello?ref=nav" target="_blank">Learn more about Kickstarter here</a>).</p>
<p dir="ltr">SolePower asked for $50,000. In total, 637 backers raised over $60,184 in crowdsourced funding. (If you stumbled on this post, here’s a bit about us: <a title="About SolePower" href="/our-story/" target="_blank">About SolePower</a>).</p>
<h1 dir="ltr"></h1>
<h1 dir="ltr">5 Tips for Kickstarter</h1>
<p>&nbsp;</p>
<h5 dir="ltr">1. Build a product that meets a need by solving a problem.</h5>
<p dir="ltr">We found, through talking with people and reading comments, that although people like novelty, cool gadgets, etc., there are only a few reasons someone will buy it:</p>
<p dir="ltr" style="padding-left: 30px;"><strong>1.</strong> Saves Money.</p>
<p dir="ltr" style="padding-left: 30px;"><strong>2.</strong> Saves Time.</p>
<p dir="ltr" style="padding-left: 30px;"><strong>3.</strong> Provides Safety.</p>
<p dir="ltr" style="padding-left: 30px;"><strong>4.</strong> Provides (a lot of) Entertainment.</p>
<p dir="ltr">The best example of this is when we presented our product as a clean/renewable energy source. Green technology can save people money, but we didn’t present it by highlighting relevance to one of the four reasons above, and had to change our strategic representation of the product. Our initial presentation wasn’t facetious &#8211; energy harvesting is a great example of small-scale &#8220;green&#8221; power. But unfortunately, while many people claim they actively care about the environment, this doesn&#8217;t extend to supporting a movement around the idea. That is to say, people will surely turn off their lights when they leave a room, but they aren&#8217;t going to spend $100 (our average reward cost) to promote the concept of saving energy, unless they know they’re also getting one of the “big four”, above.</p>
<p dir="ltr">Instead of presenting the product as a “innovative, renewable power source”, we had to get to its real values: (1) it gives users mobility, and (2) it works in any weather condition. Basically, SolePower creates convenience (saves time) and provides safety.</p>
<p dir="ltr">Many unsuccessful projects we found focused on products that were beautiful or novel, but didn’t solve any problem for the end-user. This is actually entrepreneur lesson #1 from school: build technology (or provide a service) that is valuable and solves a problem. Survey people to figure out if it’s something they will buy. Find out how valuable it actually is to the user; ensure there is a market for the product. Finally, present your idea in a way that highlights these discoveries.</p>
<p dir="ltr"><strong>Tl;dr: Present the most compelling value of the product, according to the end-user.</strong></p>
<h5 dir="ltr">2. Do not do a Kickstarter to raise money.</h5>
<p dir="ltr">Yup, seems counterintuitive. (Also, disclaimer: we&#8217;re only advising this for hardware. It&#8217;s possible it&#8217;s also true for non-hardware projects, but we have no experience in that area).</p>
<p dir="ltr">A fact about Kickstarter that isn&#8217;t well advertised: running the campaign is a full-time job. One of our business developers (Davit) spent over half of the 45 days dedicated to promoting the project. For the other half, he was still part-time on it. You have to constantly respond to people, promote the campaign, and engage backers to reach your funding goal.</p>
<p dir="ltr">But, even if you exclude work time from the equation, Kickstarter still isn&#8217;t cost-effective. It takes tens of thousands of dollars to make molds for some components. Plus, some off-the-shelf parts are tens of dollars in units of 1000 or less, whereas a 10,000 unit order are only cents per unit. For a Kickstarter, assuming you&#8217;re not one of those $1,000,000 crazy successful projects, you&#8217;re probably manufacturing units on the 1000 or smaller scale. Therefore, you must plan for the higher price point. Also, all the back-end development costs will add up higher than you predict, and almost certainly exceed the price of a small number of units .</p>
<p dir="ltr">SolePower is a fairly complicated piece of hardware; Kickstarter represented a fraction of what we needed to develop the product. However, it was great that we didn’t need to use other investment to support the material/manufacturing cost of those 500 units.</p>
<p dir="ltr">Most hardware and software products are done by startup companies who have prior funding to make development feasible, or are at least planning to acquire additional funding. When all is said and done, the money you raise probably won’t cover all of your development costs&#8230;and you won&#8217;t have any real profit margin.</p>
<p dir="ltr">So if you&#8217;re a startup trying to use Kickstarter to raise non-dilutive capital for ANYTHING OTHER THAN COST OF THE UNITS&#8230;don&#8217;t. Plus, banking on getting more funding at a later date is irresponsible and not fair to backers, so please don’t do that either. But the important part…</p>
<p dir="ltr">The great, spectacular, super helpful part of Kickstarter is that you get to release a product you love and care about to early adopters that also (hopefully) think it&#8217;s awesome. You get your company name out there. And sometimes even get bonus opportunities. For example, we were actually invited to go speak about hardware startups (in Lisbon, Portugal) and energy solutions (Johannesburg, South Africa), which is incredibly cool.</p>
<p dir="ltr">Most importantly, you also get the most supportive group of people that will give you product feedback. If you’re a startup, this somewhat validates your market, which helps in getting people excited about your potential.</p>
<p dir="ltr"><strong>Tl;dr: Kickstarter is for getting your product to the public, customer development, and for market validation. It is not for raising serious capital or getting rich. Disclaimer: relevant for hardware; dunno about software/art/etc.</strong></p>
<h5 dir="ltr">3. Triple your anticipated go-to-market timeline.</h5>
<p dir="ltr">Everything will take twice as long as you think it will….so triple your time-to-market estimation. Running late seems like a pretty consistent problem from hardware startups.</p>
<p dir="ltr">If you think the extended launch time will dissuade people from backing the project, try being more transparent about it. <em>Ex: “We listed the worst possible case timeline to avoid being late, but if everything goes well we hope to launch in 75% of the time!” </em> Plus, if you do actually launch early, no harm done, everyone wins. If you’re late, everyone loses (a bit).</p>
<p dir="ltr">SolePower is an example of a successful project with an extended timeline. Our launch date is December 2014, which means we raised over 60k for a product that backers weren’t planning to receive for over a year. We know that if something goes wrong &#8211; whether it’s in or out of our control &#8211; that we have wiggle room.</p>
<p dir="ltr"><strong>Tl;dr: The title of this section is self-explanatory.</strong></p>
<h5 dir="ltr">4. Be transparent and engage your backers.</h5>
<p dir="ltr">A lot of people commented about their concerns online (on reddit, and in article comment sections) or messaged us privately through Kickstarter. Many times people really liked some part of the idea, but were hitting a stopping block at another part they didn’t like. Other times, people liked the idea but felt there were too many unknowns in our explanation of the risk. And so, they said “No” to us.</p>
<p dir="ltr">It became really important to get in front of those concerns so that we could either change their minds, prevent misconceptions about the technology, or figure out problems with our technology that we’d eventually need to fix.</p>
<p dir="ltr">A big thing on Kickstarter is being “transparent”, but it’s a double-edge sword. It’s important to manage expectations, but telling backers too little doesn’t instill trust in your project. Telling too much may yield completely unnecessary worry. There’s no correct strategy concerning transparency. Just deliver bad news honestly, and always include your plan for fixing the problem. Be optimistic with good news, but temper the excitement with acknowledgments of remaining risk.</p>
<p dir="ltr">Using this philosophy as a guideline, we addressed as many concerns as possible during and after the campaign. One such example is below:</p>
<p dir="ltr"><img class="size-full wp-image-1107 aligncenter" alt="Reddit" src="/wp-content/uploads/2014/03/Reddit.png" width="910" height="349" /></p>
<p dir="ltr">A redditor barely read our campaign technology description, but commented (incorrectly) about the project anyways. We solved the problem by actively perusing reddit for similar posts, and ensuring we corrected misconceptions. We did the same thing in comment sections on articles.</p>
<p dir="ltr">It is hugely important to figure out why people are telling you “No”. If it’s something to do with the product, you can catch the issue early and post about how you’re going to fix the problem. If it’s a common misconception about your product, then it’s important to tweak your presentation of the technology to make it more accessible to average readers. Whatever the reason, if you’re not listening to backers and developing a community around your product, you aren’t optimizing the potential of Kickstarter.</p>
<p dir="ltr">During the campaign, we responded to messages every other day. Well, that’s a lie &#8212; we said we would respond every other day but we actually checked the Kickstarter message board every few hours. We wanted backers who had concerns and questions to feel like they could ask us anything, and we’d be there with an honest answer. It seemed to work pretty well &#8211; many of them mentioned that they’d forward the project to their friends.</p>
<p dir="ltr">Social media is also a huge deal. It’s practically the only publicity you can completely control while simultaneously convincing potential backers to support you. We tweeted, posted on Facebook, posted to Imgur and Reddit, started a Tumblr and an Instagram account&#8230;everything we could think of. We made sure to post interesting information that showed exactly how hard we were working on the project. And we think this encouraged many backers to have more trust in us. At the very least, they knew we were tweaking the product for them, based on their feedback, and were addressing all the possible concerns.</p>
<p dir="ltr">Finally, we set up public reach goals and posts in response to popular comments. For example, our battery pack didn’t look very cool in our video, and many people commented on this. Although the outside of the pack in the video wasn’t the final iteration, instead of saying “we’re not done with it yet” we started a discussion: “what would you like the pack to look like?”. Then, in our reach goals, we mocked up a possible iteration that included some of the suggestions.</p>
<p dir="ltr">After the campaign, we wanted backers to remain involved so that we could maintain an open discussion about small ways to improve our technology. One example was the selection of our product’s battery size. The larger battery size would be functionally more useful for the majority of users, but the smaller battery enabled a less awkward aesthetic design. It became a balance between functionality and look&#8230;and oh man did the responses vary. In order to get the most from the feedback, we asked people with strong opinions to send us their intended applications for the product and found that backers’ answers varied because their applications varied. Retrospectively, this result seems completely obvious. But at the time, it wasn’t clear to us that we couldn’t do a “one look suits all” option. Now we know, and it’s because we used our backers for mutual benefit.</p>
<p dir="ltr"><strong>Tl;dr: Answer ALL the questions!</strong></p>
<h5 dir="ltr">5. REEESSEEEAARRCHHH. And have a plan for media. Also, research.</h5>
<p dir="ltr">If you follow all these other steps and do everything perfectly, you can still fail unless you’re actively promoting the product. Kinda sad, but definitely true.</p>
<p dir="ltr">We’ll start with a lovely, anxiety-inducing graphic. Behold, <a title="SolePower Kickstarter Stats" href="https://www.kicktraq.com/projects/764467377/solepower-power-by-walking-0/" target="_blank">SolePower&#8217;s KickTraq</a>:</p>
<p dir="ltr"><img class="size-large wp-image-1112 aligncenter" alt="KickTraq Front Page" src="/wp-content/uploads/2014/03/KickTraq-Front-Page-960x590.png" width="640" height="393" /></p>
<p dir="ltr"><a title="KickTraq.com" href="https://www.kicktraq.com" target="_blank">KickTraq</a> is a great way to track your Kickstarter progress over the course of the campaign. They exist publicly for all projects. You did not do enough research if you didn’t look at the stats of other, similar products. You aren’t doing enough research DURING the campaign if you aren’t tracking how different media sources affect your funding and what other projects are doing to increase backers during the campaign (e.g. more public updates, more media coverage, reach goals, etc.).</p>
<p><img class="alignnone size-large wp-image-1118 aligncenter" alt="KickTraq Details" src="/wp-content/uploads/2014/03/KickTraq-Details1-960x1089.png" width="640" height="726" /></p>
<p dir="ltr">The first things we notice is the decrease in funding rate (even some negative days, yikes!) around the midsection. Our media list ran out in mid-late June. We did a second media push in the beginning of July.</p>
<p dir="ltr">So, the conclusion is that media is really important.</p>
<p dir="ltr">Early funding was largely because we had a LONG list of reporters we wanted to cover our story. We also had lists of magazines and blogs that would be a good fit for our product. For example, any media source that frequently covered cool gadgets, outdoor hiking/camping, or green energy, we found multiple reporters that worked for them and asked if they’d be interested in writing an article about us. All of this was completed before the Kickstarter even launched.</p>
<p dir="ltr">In the middle of the campaign, when we were flatlining, we got even more creative. We found some reporters that we liked and just sent them a random message, introducing them to our Kickstarter campaign. We’ve also heard of some projects that send beta product to reporters or celebrities in the hopes that they’ll tweet out or write to a much larger audience. Ultimately, you have to be really, really creative in the way you find support. Think about who else would benefit from writing an interesting article about your project, and don’t stop pestering them until they give you an answer. Your university?  Some celebrity that supports projects in your market space? Do your family and friends know anyone tangentially that could help? What about that one reporter that wrote about that similar thing three years ago? &#8230;seriously.</p>
<p dir="ltr">This obviously involves a considerable about of research into media sources, but it ends up being worth it. A good trick is to show you’ve done your research in your introduction. Also, tell the media who else has jumped on board &#8211; “Hey [awesome media source], [other awesome media source] just covered us” goes a darn long way.</p>
<p dir="ltr">Here’s a list of some of our coverage: <a title="SolePower Press Page" href="/press/" target="_blank">SolePower Press Page</a></p>
<p dir="ltr"><strong>Tl;dr: Title is also self-explanatory here. Will add: be shameless.</strong></p>
<h1 dir="ltr"></h1>
<h1 dir="ltr">3 Super Important FAQs</h1>
<p>&nbsp;</p>
<p>Every time we talk about the five points above, these seems to be the follow-up questions:</p>
<h5 dir="ltr">1.   Which is better, IndiGoGo or Kickstarter?</h5>
<p dir="ltr">We didn’t do an IndiGoGo so we can’t honestly say which is better. We will say that Kickstarter involves more risk and responsibility – if you don’t meet your “Ask”, you don’t get anything. That’s actually a very good thing. It makes Kickstarter (at least in our eyes) much more reputable. There’s also more coverage for the backers…because they know the project owner has had to put real thought to that “Ask”, which means they put thought into how much each step of the process would cost, how long each step would take. And to get approved, they also had to get their conclusions verified by the Kickstarter staff. Of course, both the inventors and the Kickstarter staff could still be dead wrong, but promising only to complete the project if it becomes financially feasible seems like the more responsible option. Our two cents.</p>
<p dir="ltr"><strong>Tl;dr: [Probably] Kickstarter…for reasons.</strong></p>
<h5 dir="ltr">2.   How hard is it to make a Kickstarter?</h5>
<p dir="ltr">The actual application didn’t take that long to produce because we already had all the information at hand. It was just a matter of organizing it in a way that potential backers could easily parse. The project goes through review by Kickstarter – they asked us to add information to our bios – which we did – but it’s not too cumbersome. You do need an Amazon Payments Account which can be a bit of a hassle, so start that early (you have to fax some information or use a personal account).</p>
<p>We suggest backing a few other products that are similar to your own prior to launching so you can get to know the community, and learn the process.</p>
<p dir="ltr">Also, in our early research we found that most successful projects had compelling videos. We had a local, Pittsburgh company (<a title="wearcovalent" href="www.wearecovalent.com">WearCovalent</a>) produce our video  and they did a spectacular job. Producing the video will likely be the most work. We found that most backers got at least one minute into the video…so, just like an elevator pitch, make sure a SIMPLE description of the product and why people should back you is the first thing you talk about.</p>
<p dir="ltr"><strong>Tl;dr: Content generation and organization is very manageable. (If it’s not manageable for you, reconsider if you’re ready to start the project). Make a great video!</strong></p>
<h5 dir="ltr">3.   Are the rewards that important?</h5>
<p dir="ltr">Yes!!! Oh man, so much yes. This shouldn’t even be a question <em>*grumble*</em>. That’s basically the only thing that really matters to backers. There are very few campaigns that are backed because it’s 100% a feel-good type of project. Make sure your rewards are a fair price. Make sure they are actually valuable to the backer.</p>
<p dir="ltr">Backers are actually the most valuable part of a Kickstarter because after giving you money they (A) have shown they like and support your project and (B) are not going to be afraid to give you completely honest feedback because they gave you their money. So be fair, transparent, and thankful to backers! Ask them for feedback, tell them about your journey…they are actually interested.</p>
<p dir="ltr">Rewards do have a strategy, though&#8230;</p>
<p dir="ltr">Reward options should get more valuable as the price goes up. The highest rewards should have some sort of unique twist like meeting the inventors or personalizing the product. Capped early bird specials are great…they motivate people to jump at the lower prices as quickly as possible so you can gain some early traffic around the web. Make sure that, when the rewards are going up, that the price jump makes sense. For example, if you jump $50, don’t just add a t-shirt &#8211; although some people will be ok with the inflated price because they support your idea, others will hesitate. Consider more personalized rewards…you can do better if you’re creative.</p>
<p dir="ltr">Other random stuff about rewards:</p>
<p dir="ltr" style="padding-left: 30px;"><strong>1.</strong> A cautionary tale (from some buddies who ran a successful Kickstarter but won’t be named) is not to have that much versatility in your rewards. Whatever you choose, you ought to consider if it will be manageable…too many reward options takes up A LOT of your time.</p>
<p dir="ltr" style="padding-left: 30px;"><strong>2.</strong> It doesn’t hurt to make the reward names entertaining. We had “Happy Feet” and even “Heart and Sole” for buy-one-send-one option. So. Many. Puns. But it was fun.</p>
<p dir="ltr" style="padding-left: 30px;"><strong>3.</strong> International awards can be tricky. Initially, we were afraid that the cost to send product internationally would be super high, so we didn’t include any international options. That was really, really stupid. We decided mid-campaign to open it up internationally. Over a third of our backers were from OUTSIDE the US (and even outside English-speaking countries). However, we tried to “tier” the rewards system just like we’d done with first set of non-international rewards. Except we had to charge $10-$15 more because of shipping. When the international early bird specials were filled up, it looked – at first glance – like we were just charging international backers more for the hell of it. When in reality we were just trying to tier our rewards system and account for international shipping. Oops. The moral of the international story: start with international rewards in the same category as domestic rewards and charge extra for shipping.</p>
<p dir="ltr"><strong>Tl;dr: Rewards matter a lot…put thought into them, make them meaningful. Don’t screw up international shipping-related stuff.</strong></p>
<h1 dir="ltr"></h1>
<h1 dir="ltr">A Final Note</h1>
<p>&nbsp;</p>
<p dir="ltr">Yay, you got to the end! Our final bit of advice: If you’re running a Kickstarter campaign, ask for help. Find someone who has done it before and pick their brain for pitfalls and successes. Ask an unbiased judge to fairly critique your campaign and strategy before launch &#8212; and be open to their criticism! Good luck!</p>
<h5 dir="ltr">Still have questions?</h5>
<p dir="ltr">Seriously?!? We covered so much! Email us at <a title="Contact SolePower" href="/contact/" target="_blank">support@solepowertech.com</a> with more questions. If enough are similar, we’ll add an edit to this section and email you about the update!</p>
<p dir="ltr"><span style="text-decoration: underline;"><strong>ADDITION #1:</strong></span> FAQ: “How much technical detail should we go into?”</p>
<p dir="ltr">Depends on the project and how far along you are with development. If you think you can improve the product without delays, steer away from minute detail. If you’re completed with nearly all of it, it doesn’t hurt to give extra information because backers will trust your transparency.</p>
<p dir="ltr">However, make sure you put really technical items in their own section so it’s easily findable by those you want to read it, and so it doesn&#8217;t bore people who don’t really care. This last point holds true for formal updates to backers post-Kickstarter.</p>
<p dir="ltr"><span style="text-decoration: underline;"><strong>ADDITION #2:</strong></span> “Is this relevant to community service or social action projects?”</p>
<p dir="ltr">Answer: Certainly not most of it.</p>
<p dir="ltr"><span style="text-decoration: underline;"><strong>ADDITION #3:</strong></span> There’s been some comments about additional funding and other requests.</p>
<p>We won’t disclose who funded us for development prior to the campaign. People did contact us about wanting to invest, distribute, etc. and we made sure to respond to all of those requests in a timely manner.</p>
<img src="http://track.hubspot.com/__ptq.gif?a=414308&k=14&bu=http%3A%2F%2Fsolepowertech.com&r=http%3A%2F%2Fsolepowertech.com%2F2014%2F03%2F12%2Fa-guide-to-kickstarter%2F&bvt=rss&p=wordpress" style="float:left;" xml:base="https://solepowertech.com/feed/" width="1" height="1" border="0" align="right"/>]]></content:encoded>
			<wfw:commentRss>https://solepowertech.com/2014/03/12/a-guide-to-kickstarter/feed/</wfw:commentRss>
		<slash:comments>0</slash:comments>
		</item>
		<item>
		<title>The Old Science Fiction Trick</title>
		<link>https://solepowertech.com/2014/02/01/the-old-science-fiction-trick/</link>
		<comments>https://solepowertech.com/2014/02/01/the-old-science-fiction-trick/#comments</comments>
		<pubDate>Sat, 01 Feb 2014 18:04:32 +0000</pubDate>
		<dc:creator><![CDATA[SolePower]]></dc:creator>
				<category><![CDATA[Blog]]></category>

		<guid isPermaLink="false">https://solepowertech.com/?p=911</guid>
		<description><![CDATA[This past summer, the SolePower team took a break from promoting our Kickstarter campaign, and the conversation turned into thinking up the most intriguing technologies we hope we live to experience. On the list were flying cars, genetic engineering for superpowers, interstellar space travel, and underwater cities &#8211; pretty much a wide range of ideas [&#8230;]<img src="http://track.hubspot.com/__ptq.gif?a=414308&k=14&bu=http%3A%2F%2Fsolepowertech.com&r=http%3A%2F%2Fsolepowertech.com%2F2014%2F02%2F01%2Fthe-old-science-fiction-trick%2F&bvt=rss&p=wordpress" style="float:left;" xml:base="https://solepowertech.com/feed/" width="1" height="1" border="0" align="right"/>]]></description>
				<content:encoded><![CDATA[<p>This past summer, the SolePower team took a break from promoting our <a title="kickstarter" href="https://www.kickstarter.com/projects/764467377/solepower-power-by-walking-0" target="_blank">Kickstarter</a> campaign, and the conversation turned into thinking up the most intriguing technologies we hope we live to experience. On the list were flying cars, genetic engineering for superpowers, interstellar space travel, and underwater cities &#8211; pretty much a wide range of ideas mostly derived from our favorite movies, cartoons, and comic books.</p>
<p>Despite disagreeing with my co-founder about whether or not it would be cooler to fly or have telepathic abilities, there were three common themes between our ideas. Firstly, every single idea was a solution that would ideally make life a whole lot easier (or at least a whole lot more interesting). Flying cars: skirt morning traffic. Handheld nuclear reactors: constant, renewable power. Household robots: never do your own laundry again.<img style="line-height: 1.5em;" title="More..." alt="" src="/wp-includes/js/tinymce/plugins/wordpress/img/trans.gif" /></p>
<p><span id="more-911"></span></p>
<p>Secondly, none of the technologies currently exist on a commercial scale. Sure, there are some flying cars on the cover of <a title="Popular Mechanics" href="http://www.popularmechanics.com/technology/aviation/diy-flying/top-10-attempts-to-build-a-flying-car#slide-1" target="_blank">Popular Mechanics</a> and <a title="Flying Car" href="https://www.youtube.com/watch?feature=player_embedded&amp;v=7kTgVagf8Y0" target="_blank">demo videos on YouTube</a>. But to everyday technology enthusiasts, those ideas still seem light years away from mass implementation.</p>
<p>Finally, all of our best ideas were out of a science fiction work. There were no ideas that hadn’t already been thought up…and probably presented more eloquently. When the question &#8220;What will be the coolest product of the future?&#8221; was proposed, all of our minds went to the science fiction stories that inspire us most.</p>
<p>In truth, the most important byproduct of innovation is not the impact on society or mass adoption by consumers. The most impactful byproduct of innovation is inspiration. Inspiration is what motivates the next generation of scientist and engineers to create the technology we can only dream of today. And science fiction does a great job of being inspirational.</p>
<p>Recently a show premiered on Fox called &#8220;<a title="Almost Human" href="http://www.fox.com/almost-human/" target="_blank">Almost Human</a>&#8220;. To sum it up, it&#8217;s a cop show set 35 years in the future. The creators basically get to immerse themselves in a futuristic earth with unlimited technology (and master cops and criminals to make it even more interesting). That&#8217;s got to be one of the best jobs ever. The writers can implement any science fiction idea without having to worry (at least too much) about the minute details of how it would work in real life. They can separate their creativity from reality in order to truly think out-of-the-box before grounding it with familiar characters and dialogue.</p>
<p>The writers have a unique ability to show-off their version of the future while simultaneously highlighting the purpose of each bit of new technology and the problems that remained with it. The tech wasn&#8217;t just there to look cool, but is worked into the plot. For example, robot cops can download and present information to their human counterparts, but still have glitches that render them difficult to use. Drones monitor everything from traffic to operations but they’re still expensive and breakable. Tabletop translators allow police to converse in any language, but the investigator still must speak to the suspect in person. The creativity in the concept is enjoyed by the viewers; the problems inherent in its fictional implementation make it more real and thus more motivating.</p>
<p>While some of these technologies in the show (drone tech and quad rotors for example) already exist, many of the more unique ideas are placed in a setting that&#8217;s very similar to what I imagine Apple Headquarters looks like on the inside. This inspires viewers immensely because when futuristic technology is presented to solve a tangible problem, and subsequently placed in a familiar and accessible environment, the technology suddenly doesn’t seem that unrealistic. When technology is presented as the next step for a product that sort of already exists &#8211; like the drones, smart houses, and self-driving cars – engineers get motivated to improve it, investors get excited to fund it, the media gets ready to support it, and consumers get eager to use it.</p>
<p>For us at least, as engineers, we start to think &#8220;Ok, how could that actually work?&#8221; The tech is cool, even mind-blowing for sure, but not so void of reality that we can&#8217;t start discussing its feasibility.</p>
<p>This show is only one recent example. Science fiction has been inspiring developers for centuries. (I only wish Asimov was around to see Boston Dynamics adopted by Google). On Reddit, the question “If someone from the 1950s suddenly appeared today, what would be the most difficult thing to explain to them about life today?” was asked. <a title="reddit comment" href="http://as.reddit.com/r/AskReddit/comments/15yaap/if_someone_from_the_1950s_suddenly_appeared_today/" target="_blank">User “nuseramed” very appropriately responded:</a> “I possess a device, in my pocket, that is capable of accessing the entirety of information known to man. I use it to look at pictures of cats and get in arguments with strangers.”</p>
<p>Here&#8217;s just a few examples of other noteworthy technologies:<br />
[Carousel Coming Soon&#8230;]</p>
<p>The rate at which technology is advancing is remarkable considering that there were only 66 years between the Wright brothers’ first glider flight on December 17, 1903, and Neil Armstrong’s first step on the moon on July 20, 1969. Incredible, right? It’s doubtful that the onslaught of science fiction novels and short stories in the 1900’s had nothing to do with it (well that and Soviet Russia…). I’m sure what we’ll see in the next 66 years will be equally as extraordinary.</p>
<p>The only thing that’s better than the excitement of science fiction on paper (er, screens), is seeing it developed in real life. I literally cannot wait for Google Glass. But I also couldn’t wait to see walking robots at Carnegie Mellon University, NASA’s pictures from Mars in high school, even new gaming systems in middle school…and then there’s flying cars, super soldiers, interstellar space travel, underwater cities, gravity machines, household robots…and power-generating shoes.</p>
<p>Eh, ok…so we got that last one covered.</p>
<img src="http://track.hubspot.com/__ptq.gif?a=414308&k=14&bu=http%3A%2F%2Fsolepowertech.com&r=http%3A%2F%2Fsolepowertech.com%2F2014%2F02%2F01%2Fthe-old-science-fiction-trick%2F&bvt=rss&p=wordpress" style="float:left;" xml:base="https://solepowertech.com/feed/" width="1" height="1" border="0" align="right"/>]]></content:encoded>
			<wfw:commentRss>https://solepowertech.com/2014/02/01/the-old-science-fiction-trick/feed/</wfw:commentRss>
		<slash:comments>0</slash:comments>
		</item>
		<item>
		<title>Take Control</title>
		<link>https://solepowertech.com/2014/01/18/take-control/</link>
		<comments>https://solepowertech.com/2014/01/18/take-control/#comments</comments>
		<pubDate>Sat, 18 Jan 2014 10:09:38 +0000</pubDate>
		<dc:creator><![CDATA[SolePower]]></dc:creator>
				<category><![CDATA[Blog]]></category>

		<guid isPermaLink="false">https://solepowertech.com/?p=884</guid>
		<description><![CDATA[Despite living in a world with rapid technological advances, there is only one practical solution for people who are in need of an off-grid, portable, and renewable backup power source: solar chargers. However, the efficiency of solar chargers varies depending on the environment. The orientation of the solar panels to the sun is the only [&#8230;]<img src="http://track.hubspot.com/__ptq.gif?a=414308&k=14&bu=http%3A%2F%2Fsolepowertech.com&r=http%3A%2F%2Fsolepowertech.com%2F2014%2F01%2F18%2Ftake-control%2F&bvt=rss&p=wordpress" style="float:left;" xml:base="https://solepowertech.com/feed/" width="1" height="1" border="0" align="right"/>]]></description>
				<content:encoded><![CDATA[<p dir="ltr">Despite living in a world with rapid technological advances, there is only one practical solution for people who are in need of an off-grid, portable, and renewable backup power source: solar chargers. However, the efficiency of solar chargers varies depending on the environment. The orientation of the solar panels to the sun is the only factor that a user can control. Overall, the power that is generated is completely controlled by nature &#8211; weather, season, topography, location of the sun, and foliage can all cause power generation to drop to a minimum.</p>
<p dir="ltr"><span id="more-884"></span>The desire for a more reliable energy solution is what led to the formation of SolePower. Our power generating insoles will supply users with mobile and renewable power with greater consistency than solar.  Power by walking lets the user take control of their off-grid power supply by removing dependency on weather and other factors of nature. With every heel strike, the user will be generating power by causing the rotation of a miniature generator. In addition to having the ability to generate power regardless of factors such as weather, the user will be capable of boosting the power generation rate. By increasing the frequency and velocity of the heel strikes, the user can cause a spike in power generation and thus attain needed emergency power on demand.</p>
<p dir="ltr">This means that our device will have more interaction with the user than a solar charger. Because of that, comfort is extremely important. We wouldn’t wear anything that makes our feet hurt and we don’t expect anyone else to do so either. That is why our insole designs are guided by podiatric standards and will undergo a variety of field tests to ensure they are comfortable. In addition, our device will not force the user to exert more effort while walking. This is because, during a heel strike, our device transfers the kinetic energy of the falling foot to a mechanical system that uses it to spin the embedded generator. Usually, when the foot lands, this kinetic energy is dispersed into the ground and wasted.</p>
<p dir="ltr">The SolePower insoles are positioned to change the concept of energy harvesting and the future of portable charging. They will provide people with a reliable charging alternative &#8211; one that allows them to take control.</p>
<img src="http://track.hubspot.com/__ptq.gif?a=414308&k=14&bu=http%3A%2F%2Fsolepowertech.com&r=http%3A%2F%2Fsolepowertech.com%2F2014%2F01%2F18%2Ftake-control%2F&bvt=rss&p=wordpress" style="float:left;" xml:base="https://solepowertech.com/feed/" width="1" height="1" border="0" align="right"/>]]></content:encoded>
			<wfw:commentRss>https://solepowertech.com/2014/01/18/take-control/feed/</wfw:commentRss>
		<slash:comments>0</slash:comments>
		</item>
	</channel>
</rss>
