<?xml version="1.0" encoding="UTF-8"?>
<rss version="2.0"
	xmlns:content="http://purl.org/rss/1.0/modules/content/"
	xmlns:wfw="http://wellformedweb.org/CommentAPI/"
	xmlns:dc="http://purl.org/dc/elements/1.1/"
	xmlns:atom="http://www.w3.org/2005/Atom"
	xmlns:sy="http://purl.org/rss/1.0/modules/syndication/"
	xmlns:slash="http://purl.org/rss/1.0/modules/slash/"
	>

<channel>
	<title>SolePower &#187; Press</title>
	<atom:link href="/press/feed/" rel="self" type="application/rss+xml" />
	<link>https://solepowertech.com</link>
	<description>Powering the future, one step at a time</description>
	<lastBuildDate>Wed, 18 Jun 2014 22:42:04 +0000</lastBuildDate>
	<language>en-US</language>
		<sy:updatePeriod>hourly</sy:updatePeriod>
		<sy:updateFrequency>1</sy:updateFrequency>
	<generator>http://wordpress.org/?v=3.9.1</generator>
	<item>
		<title>CNet</title>
		<link>https://solepowertech.com/press/2014/01/24/cnet/</link>
		<comments>https://solepowertech.com/press/2014/01/24/cnet/#comments</comments>
		<pubDate>Fri, 24 Jan 2014 16:44:17 +0000</pubDate>
		<dc:creator><![CDATA[Webmaster]]></dc:creator>
		
		<guid isPermaLink="false">https://solepowertech.com/?post_type=press&#038;p=780</guid>
		<description><![CDATA[http://news.cnet.com/8301-11386_3-57592593-76/solepower-charges-smartphones-by-harnessing-walking-power/]]></description>
				<content:encoded><![CDATA[http://news.cnet.com/8301-11386_3-57592593-76/solepower-charges-smartphones-by-harnessing-walking-power/]]></content:encoded>
			<wfw:commentRss>https://solepowertech.com/press/2014/01/24/cnet/feed/</wfw:commentRss>
		<slash:comments>0</slash:comments>
		</item>
		<item>
		<title>BBC</title>
		<link>https://solepowertech.com/press/2014/01/14/bbc/</link>
		<comments>https://solepowertech.com/press/2014/01/14/bbc/#comments</comments>
		<pubDate>Tue, 14 Jan 2014 19:03:30 +0000</pubDate>
		<dc:creator><![CDATA[Webmaster]]></dc:creator>
		
		<guid isPermaLink="false">https://solepowertech.com/?post_type=press&#038;p=820</guid>
		<description><![CDATA[http://www.bbc.co.uk/news/technology-23240968]]></description>
				<content:encoded><![CDATA[http://www.bbc.co.uk/news/technology-23240968]]></content:encoded>
			<wfw:commentRss>https://solepowertech.com/press/2014/01/14/bbc/feed/</wfw:commentRss>
		<slash:comments>0</slash:comments>
		</item>
		<item>
		<title>BuzzFeed</title>
		<link>https://solepowertech.com/press/2014/01/14/buzzfeed/</link>
		<comments>https://solepowertech.com/press/2014/01/14/buzzfeed/#comments</comments>
		<pubDate>Tue, 14 Jan 2014 19:03:18 +0000</pubDate>
		<dc:creator><![CDATA[Webmaster]]></dc:creator>
		
		<guid isPermaLink="false">https://solepowertech.com/?post_type=press&#038;p=818</guid>
		<description><![CDATA[http://www.buzzfeed.com/awesomer/its-the-greatest-time-to-be-alive]]></description>
				<content:encoded><![CDATA[http://www.buzzfeed.com/awesomer/its-the-greatest-time-to-be-alive]]></content:encoded>
			<wfw:commentRss>https://solepowertech.com/press/2014/01/14/buzzfeed/feed/</wfw:commentRss>
		<slash:comments>0</slash:comments>
		</item>
		<item>
		<title>Inquisitr.com</title>
		<link>https://solepowertech.com/press/2014/01/14/inquisitr-com/</link>
		<comments>https://solepowertech.com/press/2014/01/14/inquisitr-com/#comments</comments>
		<pubDate>Tue, 14 Jan 2014 19:03:08 +0000</pubDate>
		<dc:creator><![CDATA[Webmaster]]></dc:creator>
		
		<guid isPermaLink="false">https://solepowertech.com/?post_type=press&#038;p=816</guid>
		<description><![CDATA[http://www.inquisitr.com/692953/solepower-shoe-charge-your-phone-while-you-walk/]]></description>
				<content:encoded><![CDATA[http://www.inquisitr.com/692953/solepower-shoe-charge-your-phone-while-you-walk/]]></content:encoded>
			<wfw:commentRss>https://solepowertech.com/press/2014/01/14/inquisitr-com/feed/</wfw:commentRss>
		<slash:comments>0</slash:comments>
		</item>
		<item>
		<title>Merdeka.com</title>
		<link>https://solepowertech.com/press/2014/01/14/merdeka-com/</link>
		<comments>https://solepowertech.com/press/2014/01/14/merdeka-com/#comments</comments>
		<pubDate>Tue, 14 Jan 2014 19:02:35 +0000</pubDate>
		<dc:creator><![CDATA[Webmaster]]></dc:creator>
		
		<guid isPermaLink="false">https://solepowertech.com/?post_type=press&#038;p=814</guid>
		<description><![CDATA[http://www.merdeka.com/teknologi/solepower-sol-sepatu-ini-dapat-mengisi-daya-baterai-ponsel.html]]></description>
				<content:encoded><![CDATA[http://www.merdeka.com/teknologi/solepower-sol-sepatu-ini-dapat-mengisi-daya-baterai-ponsel.html]]></content:encoded>
			<wfw:commentRss>https://solepowertech.com/press/2014/01/14/merdeka-com/feed/</wfw:commentRss>
		<slash:comments>0</slash:comments>
		</item>
		<item>
		<title>Digital Trends</title>
		<link>https://solepowertech.com/press/2014/01/14/digital-trends-2/</link>
		<comments>https://solepowertech.com/press/2014/01/14/digital-trends-2/#comments</comments>
		<pubDate>Tue, 14 Jan 2014 18:57:15 +0000</pubDate>
		<dc:creator><![CDATA[Webmaster]]></dc:creator>
		
		<guid isPermaLink="false">https://solepowertech.com/?post_type=press&#038;p=812</guid>
		<description><![CDATA[http://www.digitaltrends.com/gadgets/by-walking-solepower-can-charge-your-gadgets-on-the-go/]]></description>
				<content:encoded><![CDATA[http://www.digitaltrends.com/gadgets/by-walking-solepower-can-charge-your-gadgets-on-the-go/]]></content:encoded>
			<wfw:commentRss>https://solepowertech.com/press/2014/01/14/digital-trends-2/feed/</wfw:commentRss>
		<slash:comments>0</slash:comments>
		</item>
		<item>
		<title>Fast Co-Exist</title>
		<link>https://solepowertech.com/press/2014/01/14/fast-co-exist/</link>
		<comments>https://solepowertech.com/press/2014/01/14/fast-co-exist/#comments</comments>
		<pubDate>Tue, 14 Jan 2014 18:56:57 +0000</pubDate>
		<dc:creator><![CDATA[Webmaster]]></dc:creator>
		
		<guid isPermaLink="false">https://solepowertech.com/?post_type=press&#038;p=810</guid>
		<description><![CDATA[http://www.fastcoexist.com/1682349/these-shoes-were-made-for-walking-and-powering-your-phone]]></description>
				<content:encoded><![CDATA[http://www.fastcoexist.com/1682349/these-shoes-were-made-for-walking-and-powering-your-phone]]></content:encoded>
			<wfw:commentRss>https://solepowertech.com/press/2014/01/14/fast-co-exist/feed/</wfw:commentRss>
		<slash:comments>0</slash:comments>
		</item>
		<item>
		<title>Gizmodo</title>
		<link>https://solepowertech.com/press/2014/01/14/gizmodo/</link>
		<comments>https://solepowertech.com/press/2014/01/14/gizmodo/#comments</comments>
		<pubDate>Tue, 14 Jan 2014 18:56:44 +0000</pubDate>
		<dc:creator><![CDATA[Webmaster]]></dc:creator>
		
		<guid isPermaLink="false">https://solepowertech.com/?post_type=press&#038;p=808</guid>
		<description><![CDATA[http://www.gizmodo.in/design/SolePower-Wants-To-Convert-A-Days-Walk-Into-A-Full-iPhone-Recharge/articleshow/20516987.cms]]></description>
				<content:encoded><![CDATA[http://www.gizmodo.in/design/SolePower-Wants-To-Convert-A-Days-Walk-Into-A-Full-iPhone-Recharge/articleshow/20516987.cms]]></content:encoded>
			<wfw:commentRss>https://solepowertech.com/press/2014/01/14/gizmodo/feed/</wfw:commentRss>
		<slash:comments>0</slash:comments>
		</item>
		<item>
		<title>Inhabitat</title>
		<link>https://solepowertech.com/press/2014/01/14/inhabitat/</link>
		<comments>https://solepowertech.com/press/2014/01/14/inhabitat/#comments</comments>
		<pubDate>Tue, 14 Jan 2014 18:56:33 +0000</pubDate>
		<dc:creator><![CDATA[Webmaster]]></dc:creator>
		
		<guid isPermaLink="false">https://solepowertech.com/?post_type=press&#038;p=806</guid>
		<description><![CDATA[http://inhabitat.com/the-solepower-harvests-energy-from-walking-to-charge-your-gadgets/]]></description>
				<content:encoded><![CDATA[http://inhabitat.com/the-solepower-harvests-energy-from-walking-to-charge-your-gadgets/]]></content:encoded>
			<wfw:commentRss>https://solepowertech.com/press/2014/01/14/inhabitat/feed/</wfw:commentRss>
		<slash:comments>0</slash:comments>
		</item>
		<item>
		<title>Zimbio</title>
		<link>https://solepowertech.com/press/2014/01/14/zimbio/</link>
		<comments>https://solepowertech.com/press/2014/01/14/zimbio/#comments</comments>
		<pubDate>Tue, 14 Jan 2014 18:56:24 +0000</pubDate>
		<dc:creator><![CDATA[Webmaster]]></dc:creator>
		
		<guid isPermaLink="false">https://solepowertech.com/?post_type=press&#038;p=804</guid>
		<description><![CDATA[http://www.zimbio.com/Gadgets/articles/UHsOf1P9kWU/SolePower+Lets+Charge+Smartphone+Walking]]></description>
				<content:encoded><![CDATA[http://www.zimbio.com/Gadgets/articles/UHsOf1P9kWU/SolePower+Lets+Charge+Smartphone+Walking]]></content:encoded>
			<wfw:commentRss>https://solepowertech.com/press/2014/01/14/zimbio/feed/</wfw:commentRss>
		<slash:comments>0</slash:comments>
		</item>
	</channel>
</rss>
