<?xml version="1.0" encoding="UTF-8"?>
<!--Generated by Site-Server v6.0.0-8256-8256 (http://www.squarespace.com) on Wed, 06 Jul 2016 18:24:35 GMT
--><rss xmlns:content="http://purl.org/rss/1.0/modules/content/" xmlns:wfw="http://wellformedweb.org/CommentAPI/" xmlns:itunes="http://www.itunes.com/dtds/podcast-1.0.dtd" xmlns:dc="http://purl.org/dc/elements/1.1/" xmlns:media="http://www.rssboard.org/media-rss" version="2.0"><channel><title>SolePower</title><link>https://solepowertech.com/</link><lastBuildDate>Tue, 29 Mar 2016 22:22:04 +0000</lastBuildDate><language>en-US</language><generator>Site-Server v6.0.0-8256-8256 (http://www.squarespace.com)</generator><description></description></channel></rss>