<?xml version="1.0" encoding="UTF-8"?><rss version="2.0"
	xmlns:content="http://purl.org/rss/1.0/modules/content/"
	xmlns:dc="http://purl.org/dc/elements/1.1/"
	xmlns:atom="http://www.w3.org/2005/Atom"
	xmlns:sy="http://purl.org/rss/1.0/modules/syndication/"
	
	>
<channel>
	<title>Comments on: Heart and Sole!</title>
	<atom:link href="/2013/08/05/heart-and-sole/feed/" rel="self" type="application/rss+xml" />
	<link>https://solepowertech.com/2013/08/05/heart-and-sole/</link>
	<description>Powering the future, one step at a time</description>
	<lastBuildDate>Wed, 15 Jan 2014 02:08:41 +0000</lastBuildDate>
		<sy:updatePeriod>hourly</sy:updatePeriod>
		<sy:updateFrequency>1</sy:updateFrequency>
	<generator>http://wordpress.org/?v=3.9.1</generator>
	<item>
		<title>By: Ryan</title>
		<link>https://solepowertech.com/2013/08/05/heart-and-sole/#comment-361</link>
		<dc:creator><![CDATA[Ryan]]></dc:creator>
		<pubDate>Wed, 15 Jan 2014 02:08:41 +0000</pubDate>
		<guid isPermaLink="false">https://solepowertech.com/?p=612#comment-361</guid>
		<description><![CDATA[This looks like an awesome produc for Disaster Reilief. In the past years I have ran into issues with my phone battery dying from over use in the disaster zone. This appears to be able to fix that situation. I look forward to using this product when it come available. Is there a release date for this product, and Is there any way I can pre-order one?

God Bless,
Ryan Bedford]]></description>
		<content:encoded><![CDATA[<p>This looks like an awesome produc for Disaster Reilief. In the past years I have ran into issues with my phone battery dying from over use in the disaster zone. This appears to be able to fix that situation. I look forward to using this product when it come available. Is there a release date for this product, and Is there any way I can pre-order one?</p>
<p>God Bless,<br />
Ryan Bedford</p>
]]></content:encoded>
	</item>
</channel>
</rss>
