<?xml version="1.0" encoding="UTF-8"?><rss version="2.0"
	xmlns:content="http://purl.org/rss/1.0/modules/content/"
	xmlns:wfw="http://wellformedweb.org/CommentAPI/"
	xmlns:dc="http://purl.org/dc/elements/1.1/"
	xmlns:atom="http://www.w3.org/2005/Atom"
	xmlns:sy="http://purl.org/rss/1.0/modules/syndication/"
	xmlns:slash="http://purl.org/rss/1.0/modules/slash/"
	>

<channel>
	<title>SolePower &#187; Press Assets</title>
	<atom:link href="/press-assets/feed/" rel="self" type="application/rss+xml" />
	<link>https://solepowertech.com</link>
	<description>Powering the future, one step at a time</description>
	<lastBuildDate>Thu, 15 Jan 2015 23:50:02 +0000</lastBuildDate>
	<language>en-US</language>
		<sy:updatePeriod>hourly</sy:updatePeriod>
		<sy:updateFrequency>1</sy:updateFrequency>
	<generator>http://wordpress.org/?v=4.0.1</generator>
	<item>
		<title>2014 Innovator of the Year</title>
		<link>https://solepowertech.com/press-assets/2014-innovator-of-the-year/</link>
		<comments>https://solepowertech.com/press-assets/2014-innovator-of-the-year/#comments</comments>
		<pubDate>Mon, 31 Mar 2014 15:11:45 +0000</pubDate>
		<dc:creator><![CDATA[SolePower]]></dc:creator>
		
		<guid isPermaLink="false">https://solepowertech.com/?post_type=press-assets&#038;p=1178</guid>
		<description><![CDATA[<img src="http://track.hubspot.com/__ptq.gif?a=414308&k=14&bu=http%3A%2F%2Fsolepowertech.com&r=http%3A%2F%2Fsolepowertech.com%2Fpress-assets%2F2014-innovator-of-the-year%2F&bvt=rss&p=wordpress" style="float:left;" xml:base="https://solepowertech.com/feed/" width="1" height="1" border="0" align="right"/>]]></description>
				<content:encoded><![CDATA[<img src="http://track.hubspot.com/__ptq.gif?a=414308&k=14&bu=http%3A%2F%2Fsolepowertech.com&r=http%3A%2F%2Fsolepowertech.com%2Fpress-assets%2F2014-innovator-of-the-year%2F&bvt=rss&p=wordpress" style="float:left;" xml:base="https://solepowertech.com/feed/" width="1" height="1" border="0" align="right"/>]]></content:encoded>
			<wfw:commentRss>https://solepowertech.com/press-assets/2014-innovator-of-the-year/feed/</wfw:commentRss>
		<slash:comments>0</slash:comments>
		</item>
		<item>
		<title>&#8220;Charge&#8221; Illustration</title>
		<link>https://solepowertech.com/press-assets/charge-illustration/</link>
		<comments>https://solepowertech.com/press-assets/charge-illustration/#comments</comments>
		<pubDate>Mon, 24 Mar 2014 22:27:03 +0000</pubDate>
		<dc:creator><![CDATA[SolePower]]></dc:creator>
		
		<guid isPermaLink="false">https://solepowertech.com/?post_type=press-assets&#038;p=1170</guid>
		<description><![CDATA[<img src="http://track.hubspot.com/__ptq.gif?a=414308&k=14&bu=http%3A%2F%2Fsolepowertech.com&r=http%3A%2F%2Fsolepowertech.com%2Fpress-assets%2Fcharge-illustration%2F&bvt=rss&p=wordpress" style="float:left;" xml:base="https://solepowertech.com/feed/" width="1" height="1" border="0" align="right"/>]]></description>
				<content:encoded><![CDATA[<img src="http://track.hubspot.com/__ptq.gif?a=414308&k=14&bu=http%3A%2F%2Fsolepowertech.com&r=http%3A%2F%2Fsolepowertech.com%2Fpress-assets%2Fcharge-illustration%2F&bvt=rss&p=wordpress" style="float:left;" xml:base="https://solepowertech.com/feed/" width="1" height="1" border="0" align="right"/>]]></content:encoded>
			<wfw:commentRss>https://solepowertech.com/press-assets/charge-illustration/feed/</wfw:commentRss>
		<slash:comments>0</slash:comments>
		</item>
		<item>
		<title>&#8220;Store&#8221; Illustration</title>
		<link>https://solepowertech.com/press-assets/store-illustration/</link>
		<comments>https://solepowertech.com/press-assets/store-illustration/#comments</comments>
		<pubDate>Mon, 24 Mar 2014 22:26:32 +0000</pubDate>
		<dc:creator><![CDATA[SolePower]]></dc:creator>
		
		<guid isPermaLink="false">https://solepowertech.com/?post_type=press-assets&#038;p=1168</guid>
		<description><![CDATA[<img src="http://track.hubspot.com/__ptq.gif?a=414308&k=14&bu=http%3A%2F%2Fsolepowertech.com&r=http%3A%2F%2Fsolepowertech.com%2Fpress-assets%2Fstore-illustration%2F&bvt=rss&p=wordpress" style="float:left;" xml:base="https://solepowertech.com/feed/" width="1" height="1" border="0" align="right"/>]]></description>
				<content:encoded><![CDATA[<img src="http://track.hubspot.com/__ptq.gif?a=414308&k=14&bu=http%3A%2F%2Fsolepowertech.com&r=http%3A%2F%2Fsolepowertech.com%2Fpress-assets%2Fstore-illustration%2F&bvt=rss&p=wordpress" style="float:left;" xml:base="https://solepowertech.com/feed/" width="1" height="1" border="0" align="right"/>]]></content:encoded>
			<wfw:commentRss>https://solepowertech.com/press-assets/store-illustration/feed/</wfw:commentRss>
		<slash:comments>0</slash:comments>
		</item>
		<item>
		<title>&#8220;Generate&#8221; Illustration</title>
		<link>https://solepowertech.com/press-assets/awesome-renderings/</link>
		<comments>https://solepowertech.com/press-assets/awesome-renderings/#comments</comments>
		<pubDate>Mon, 10 Mar 2014 02:22:12 +0000</pubDate>
		<dc:creator><![CDATA[SolePower]]></dc:creator>
		
		<guid isPermaLink="false">https://solepowertech.com/?post_type=press-assets&#038;p=1078</guid>
		<description><![CDATA[<img src="http://track.hubspot.com/__ptq.gif?a=414308&k=14&bu=http%3A%2F%2Fsolepowertech.com&r=http%3A%2F%2Fsolepowertech.com%2Fpress-assets%2Fawesome-renderings%2F&bvt=rss&p=wordpress" style="float:left;" xml:base="https://solepowertech.com/feed/" width="1" height="1" border="0" align="right"/>]]></description>
				<content:encoded><![CDATA[<img src="http://track.hubspot.com/__ptq.gif?a=414308&k=14&bu=http%3A%2F%2Fsolepowertech.com&r=http%3A%2F%2Fsolepowertech.com%2Fpress-assets%2Fawesome-renderings%2F&bvt=rss&p=wordpress" style="float:left;" xml:base="https://solepowertech.com/feed/" width="1" height="1" border="0" align="right"/>]]></content:encoded>
			<wfw:commentRss>https://solepowertech.com/press-assets/awesome-renderings/feed/</wfw:commentRss>
		<slash:comments>0</slash:comments>
		</item>
	</channel>
</rss>
