<?xml version="1.0" encoding="UTF-8"?>
<rss version="2.0"
	xmlns:content="http://purl.org/rss/1.0/modules/content/"
	xmlns:wfw="http://wellformedweb.org/CommentAPI/"
	xmlns:dc="http://purl.org/dc/elements/1.1/"
	xmlns:atom="http://www.w3.org/2005/Atom"
	xmlns:sy="http://purl.org/rss/1.0/modules/syndication/"
	xmlns:slash="http://purl.org/rss/1.0/modules/slash/"
	>

<channel>
	<title>SolePower</title>
	<atom:link href="/feed/" rel="self" type="application/rss+xml" />
	<link>https://solepowertech.com</link>
	<description>Powering the future, one step at a time</description>
	<lastBuildDate>Mon, 21 Oct 2013 16:45:40 +0000</lastBuildDate>
	<language>en-US</language>
	<sy:updatePeriod>hourly</sy:updatePeriod>
	<sy:updateFrequency>1</sy:updateFrequency>
	<generator>http://wordpress.org/?v=3.6</generator>
		<item>
		<title>SolePower in Huffington Post</title>
		<link>https://solepowertech.com/2013/09/10/solepower-in-huffington-post/</link>
		<comments>https://solepowertech.com/2013/09/10/solepower-in-huffington-post/#comments</comments>
		<pubDate>Tue, 10 Sep 2013 14:14:37 +0000</pubDate>
		<dc:creator>Webmaster</dc:creator>
				<category><![CDATA[News]]></category>

		<guid isPermaLink="false">https://solepowertech.com/?p=698</guid>
		<description><![CDATA[SolePower was featured in the Huff Post. Read the article here: Huffington Post SolePower]]></description>
				<content:encoded><![CDATA[<p>SolePower was featured in the Huff Post. Read the article here: <a title="Huff Post" href="http://m.huffpost.com/us/entry/3882835?ncid=edlinkusaolp00000003" target="_blank">Huffington Post SolePower</a></p>
<p><iframe width="640" height="480" src="http://www.youtube.com/embed/afoXklFshSU?feature=oembed" frameborder="0" allowfullscreen></iframe></p>
]]></content:encoded>
			<wfw:commentRss>https://solepowertech.com/2013/09/10/solepower-in-huffington-post/feed/</wfw:commentRss>
		<slash:comments>0</slash:comments>
		</item>
		<item>
		<title>SolePower on BuzzFeed</title>
		<link>https://solepowertech.com/2013/09/01/solepower-on-buzzfeed/</link>
		<comments>https://solepowertech.com/2013/09/01/solepower-on-buzzfeed/#comments</comments>
		<pubDate>Sun, 01 Sep 2013 14:18:34 +0000</pubDate>
		<dc:creator>Webmaster</dc:creator>
				<category><![CDATA[News]]></category>

		<guid isPermaLink="false">https://solepowertech.com/?p=702</guid>
		<description><![CDATA[Wow, SolePower is on BuzzFeed! SolePower is #26 on the  &#8221;27 Reasons It&#8217;s The Greatest Time to be Alive&#8221; list&#8230;right in between Bacon Macaroni and Cheese and Bacon Pankcakes. In fact, SolePower is one of the few non-food (er, non-bacon related items on the list). Very cool! See the full list here: 27 Reasons It&#8217;s [&#8230;]]]></description>
				<content:encoded><![CDATA[<p>Wow, SolePower is on BuzzFeed! SolePower is #26 on the  &#8221;27 Reasons It&#8217;s The Greatest Time to be Alive&#8221; list&#8230;right in between Bacon Macaroni and Cheese and Bacon Pankcakes. In fact, SolePower is one of the few non-food (er, non-bacon related items on the list). Very cool!</p>
<p>See the full list here: <a title="BuzzFeed" href="http://www.buzzfeed.com/awesomer/its-the-greatest-time-to-be-alive" target="_blank">27 Reasons It&#8217;s The Greatest Time to be Alive</a></p>
<p>&nbsp;</p>
]]></content:encoded>
			<wfw:commentRss>https://solepowertech.com/2013/09/01/solepower-on-buzzfeed/feed/</wfw:commentRss>
		<slash:comments>0</slash:comments>
		</item>
		<item>
		<title>Founding Date</title>
		<link>https://solepowertech.com/2013/08/28/founding-date/</link>
		<comments>https://solepowertech.com/2013/08/28/founding-date/#comments</comments>
		<pubDate>Wed, 28 Aug 2013 20:28:53 +0000</pubDate>
		<dc:creator>Webmaster</dc:creator>
				<category><![CDATA[News]]></category>

		<guid isPermaLink="false">https://solepowertech.com/?p=683</guid>
		<description><![CDATA[It&#8217;s SolePower&#8217;s birthday! SolePower founded on August 28, 2013. In the past year, SolePower participated in Cycle 10 of AlphaLab, developed the product, was funded on Kickstarter, and doubled the size of the team! &#160;]]></description>
				<content:encoded><![CDATA[<h4>It&#8217;s SolePower&#8217;s birthday! SolePower founded on August 28, 2013.</h4>
<p><strong>In the past year, SolePower participated in Cycle 10 of <a title="AlphaLab" href="http://alphalab.org/" target="_blank">AlphaLab</a>, developed the product, was funded on Kickstarter, and doubled the size of the team!</strong></p>
<p>&nbsp;</p>
]]></content:encoded>
			<wfw:commentRss>https://solepowertech.com/2013/08/28/founding-date/feed/</wfw:commentRss>
		<slash:comments>0</slash:comments>
		</item>
		<item>
		<title>Millennial Trains Project</title>
		<link>https://solepowertech.com/2013/08/16/millennial-trains-project/</link>
		<comments>https://solepowertech.com/2013/08/16/millennial-trains-project/#comments</comments>
		<pubDate>Fri, 16 Aug 2013 20:22:03 +0000</pubDate>
		<dc:creator>Webmaster</dc:creator>
				<category><![CDATA[News]]></category>

		<guid isPermaLink="false">https://solepowertech.com/?p=678</guid>
		<description><![CDATA[Matt and Hahna spoke for an &#8220;Idea Mornings&#8221; discussion on the Millennial Trains Project (MTP)stop in Pittsburgh. From MTP: &#8220;The Millennial Trains Project (MTP) is a non-profit organization that leads crowd-funded transcontinental train journeys that empower diverse groups of enterprising and civic-minded Millennials to explore America&#8217;s new frontiers. Over the course of ten days, our [&#8230;]]]></description>
				<content:encoded><![CDATA[<p>Matt and Hahna spoke for an &#8220;<a title="Idea Mornings" href="http://www.ideamornings.com/pittsburgh-idea-mornings-on-rails-friday-august-16th/" target="_blank">Idea Mornings</a>&#8221; discussion on the Millennial Trains Project (MTP)stop in Pittsburgh.</p>
<p><iframe width="640" height="360" src="http://www.youtube.com/embed/Z8Ux56pSPtE?feature=oembed" frameborder="0" allowfullscreen></iframe></p>
<p>From <a title="Mellennial Train Project" href="http://millennialtrain.co/" target="_blank">MTP</a>:</p>
<p>&#8220;The Millennial Trains Project (MTP) is a non-profit organization that leads crowd-funded transcontinental train journeys that empower diverse groups of enterprising and civic-minded Millennials to explore America&#8217;s new frontiers.</p>
<p>Over the course of ten days, our journeys provide opportunities for personal development and shared discovery through on-train seminars led by distinguished mentors, workshops with local leaders, and participant-led projects in MTP communities.</p>
<p>Our mission is to enable passengers and virtual audiences to identify, evaluate, and explore emerging opportunities and challenges in communities where our trains stop while advancing a project that benefits, serves, and inspires others.</p>
<p><strong></strong>The Millennial Generation<strong> </strong>(age 18- 34) is optimistic, believing that with hard work and education, they can break new barriers and leave the world a better place. Balancing idealism with pragmatism, Millennials are ambitious, entrepreneurial, and eager to make a difference — today’s Millennials are the new pioneers.&#8221;</p>
]]></content:encoded>
			<wfw:commentRss>https://solepowertech.com/2013/08/16/millennial-trains-project/feed/</wfw:commentRss>
		<slash:comments>0</slash:comments>
		</item>
		<item>
		<title>Heart and Sole!</title>
		<link>https://solepowertech.com/2013/08/05/heart-and-sole/</link>
		<comments>https://solepowertech.com/2013/08/05/heart-and-sole/#comments</comments>
		<pubDate>Mon, 05 Aug 2013 03:45:26 +0000</pubDate>
		<dc:creator>Webmaster</dc:creator>
				<category><![CDATA[Uncategorized]]></category>

		<guid isPermaLink="false">https://solepowertech.com/?p=612</guid>
		<description><![CDATA[We are excited to list those who decided to go the extra step and help us provide the SolePower insoles to people in developing regions. A J Rubineau Angelina Romano Stroup Bernie Lynch Bonnie Rabin Brett Grossman Camille Doucet Christopher Ruscitti Daniel B. Woods Diane Shulman Rabin Eli Fatsi Francis J Stanton III Frank Stanton [&#8230;]]]></description>
				<content:encoded><![CDATA[<p>We are excited to list those who decided to go the extra step and help us provide the SolePower insoles to people in developing regions.</p>
<p>A J Rubineau<br />
Angelina Romano Stroup<br />
Bernie Lynch<br />
Bonnie Rabin<br />
Brett Grossman<br />
Camille Doucet<br />
Christopher Ruscitti<br />
Daniel B. Woods<br />
Diane Shulman Rabin<br />
Eli Fatsi<br />
Francis J Stanton III<br />
Frank Stanton<br />
Anonymous<br />
Kenton J McElhattan<br />
Larry Adams<br />
Pete M.<br />
Ruth Poproski<br />
Sarah Stroup<br />
Tim Goetze<br />
Tim Smigelski</p>
<p>Thank you very much!</p>
]]></content:encoded>
			<wfw:commentRss>https://solepowertech.com/2013/08/05/heart-and-sole/feed/</wfw:commentRss>
		<slash:comments>0</slash:comments>
		</item>
		<item>
		<title>Kickstarter 60k Success!</title>
		<link>https://solepowertech.com/2013/08/02/kickstarter-60k-success/</link>
		<comments>https://solepowertech.com/2013/08/02/kickstarter-60k-success/#comments</comments>
		<pubDate>Fri, 02 Aug 2013 21:06:57 +0000</pubDate>
		<dc:creator>Webmaster</dc:creator>
				<category><![CDATA[News]]></category>

		<guid isPermaLink="false">https://solepowertech.com/?p=571</guid>
		<description><![CDATA[SolePower is pleased to have been successfully funded on Kickstarter! We had 45 days and a goal of 50,000 USD. On July 18 we raised 120% of our goal: 60,184 USD and 637 backers! We had 20 backers support us in pre-orders of $300+ or more and over 180 backers not located in the United [&#8230;]]]></description>
				<content:encoded><![CDATA[<p>SolePower is pleased to have been successfully funded on Kickstarter! We had 45 days and a goal of 50,000 USD. On July 18 we raised 120% of our goal: 60,184 USD and 637 backers!</p>
<p><img class="alignnone size-large wp-image-575" alt="Kickstarter Success" src="/wp-content/uploads/2013/08/Kickstarter-Success-600x381.png" width="600" height="381" /></p>
<p>We had 20 backers support us in pre-orders of $300+ or more and over 180 backers not located in the United States. The breakdown can be found on our <a title="Kickstarter" href="http://www.kickstarter.com/projects/764467377/solepower-power-by-walking-0" target="_blank">Kickstarter</a> page with interesting stats about the campaign on <a title="Kicktraq" href="http://www.kicktraq.com/projects/764467377/solepower-power-by-walking-0/#chart-mini" target="_blank">Kicktraq.com</a>. Rewards were SolePower bumper stickers, t-shirts, waterbottles, and SolePower insoles. The 20 largest backers opted to buy two insoles, donating one insole to someone in need of reliable power in a foreign nation. SolePower was featured in multiple articles along the way, including media based in South Africa, Israel, Germany, England, the Netherlands, Austria, and India.</p>
<p>SolePower plans to donate these insole in person as part of a larger case study in the upcoming year (for more information on this effort, please email <a title="email" href="info@solepowertech.com">info@solepowertech.com</a>).</p>
<p>&nbsp;</p>
<p>&nbsp;</p>
]]></content:encoded>
			<wfw:commentRss>https://solepowertech.com/2013/08/02/kickstarter-60k-success/feed/</wfw:commentRss>
		<slash:comments>0</slash:comments>
		</item>
		<item>
		<title>SolePower on CNET!</title>
		<link>https://solepowertech.com/2013/07/08/solepower-on-cnet/</link>
		<comments>https://solepowertech.com/2013/07/08/solepower-on-cnet/#comments</comments>
		<pubDate>Mon, 08 Jul 2013 21:40:12 +0000</pubDate>
		<dc:creator>Webmaster</dc:creator>
				<category><![CDATA[News]]></category>

		<guid isPermaLink="false">https://solepowertech.com/?p=598</guid>
		<description><![CDATA[Check it out here: CNET. For a full media list, see our press page, here: PRESS]]></description>
				<content:encoded><![CDATA[<p>Check it out here: <a title="CNET" href="http://news.cnet.com/8301-11386_3-57592593-76/solepower-charges-smartphones-by-harnessing-walking-power/" target="_blank">CNET</a>.</p>
<p>For a full media list, see our press page, here: <a title="press" href="/solepower-in-the-media/">PRESS</a></p>
]]></content:encoded>
			<wfw:commentRss>https://solepowertech.com/2013/07/08/solepower-on-cnet/feed/</wfw:commentRss>
		<slash:comments>0</slash:comments>
		</item>
		<item>
		<title>2nd Place at WJF LOHAS</title>
		<link>https://solepowertech.com/2013/06/23/2nd-place-at-wjf-lohas/</link>
		<comments>https://solepowertech.com/2013/06/23/2nd-place-at-wjf-lohas/#comments</comments>
		<pubDate>Sun, 23 Jun 2013 03:38:54 +0000</pubDate>
		<dc:creator>Webmaster</dc:creator>
				<category><![CDATA[News]]></category>

		<guid isPermaLink="false">https://solepowertech.com/?p=537</guid>
		<description><![CDATA[SolePower receives 2nd place at the national LOHAS Business Plan competition! The 2013 LOHAS conference in took place in Boulder, CO. &#8220;Lifestyles of Health and Sustainability (LOHAS) describes an estimated $290 billion U.S. marketplace for goods and services focused on health, the environment, social justice, personal development and sustainable living&#8221;. SolePower placed second out of over 250 national [&#8230;]]]></description>
				<content:encoded><![CDATA[<h4>SolePower receives 2nd place at the national LOHAS Business Plan competition!</h4>
<p>The 2013 LOHAS conference in took place in Boulder, CO. &#8220;<a title="LOHAS" href="http://www.lohas.com/" target="_blank">Lifestyles of Health and Sustainability (LOHAS)</a> describes an estimated $290 billion U.S. marketplace for goods and services focused on health, the environment, social justice, personal development and sustainable living&#8221;. SolePower placed second out of over 250 national submissions. The top 3 finalists presented at the LOHAS conference.</p>
<p>Of course, Boulder, CO is a great place to hike. So SolePower did some of that too:</p>
<p><img class="alignnone size-large wp-image-538" alt="Boulder CO" src="/wp-content/uploads/2013/06/Boulder-CO-600x450.jpg" width="600" height="450" /></p>
<p>Credit: Matthew Stanton (CEO, SolePower)</p>
]]></content:encoded>
			<wfw:commentRss>https://solepowertech.com/2013/06/23/2nd-place-at-wjf-lohas/feed/</wfw:commentRss>
		<slash:comments>0</slash:comments>
		</item>
		<item>
		<title>WJF Finalists</title>
		<link>https://solepowertech.com/2013/06/16/wjf-finalists/</link>
		<comments>https://solepowertech.com/2013/06/16/wjf-finalists/#comments</comments>
		<pubDate>Sun, 16 Jun 2013 03:59:13 +0000</pubDate>
		<dc:creator>Webmaster</dc:creator>
				<category><![CDATA[News]]></category>

		<guid isPermaLink="false">https://solepowertech.com/?p=533</guid>
		<description><![CDATA[SolePower was selected as a finalist for the William James Foundation (WJF) LOHAS Competition and the 2013 WJF Green Grab Investment Program. LOHAS Forum Boulder, CO; June 19, 2013 &#160; Green Grab Investment Competition Washington, DC; June 25, 2013 The Green Grab Investments Program connects high-growth sustainable companies who are seeking seed-stage investments with a [&#8230;]]]></description>
				<content:encoded><![CDATA[<p>SolePower was selected as a finalist for the William James Foundation (WJF) LOHAS Competition and the 2013 WJF Green Grab Investment Program.</p>
<p><a title="LOHAS" href="http://blog.lohas.com/blog/clean-tech" target="_blank">LOHAS Forum</a></p>
<p>Boulder, CO; June 19, 2013</p>
<p>&nbsp;</p>
<p><a title="Green Grab" href="http://www.williamjamesfoundation.org/index.cfm?fuseaction=Page.ViewPage&amp;PageID=1373" target="_blank">Green Grab Investment Competition</a></p>
<p>Washington, DC; June 25, 2013</p>
<p>The Green Grab Investments Program connects high-growth sustainable companies who are seeking seed-stage investments with a pool of mentors and investors. SolePower will pitch in front of a camera, audience, and panel of accredited investors.</p>
]]></content:encoded>
			<wfw:commentRss>https://solepowertech.com/2013/06/16/wjf-finalists/feed/</wfw:commentRss>
		<slash:comments>0</slash:comments>
		</item>
		<item>
		<title>Featured in Mashable, WTAE&#8230;</title>
		<link>https://solepowertech.com/2013/06/08/solepower-kickstarter-in-the-news/</link>
		<comments>https://solepowertech.com/2013/06/08/solepower-kickstarter-in-the-news/#comments</comments>
		<pubDate>Sat, 08 Jun 2013 20:16:06 +0000</pubDate>
		<dc:creator>Webmaster</dc:creator>
				<category><![CDATA[News]]></category>

		<guid isPermaLink="false">https://solepowertech.com/?p=495</guid>
		<description><![CDATA[SolePower has been featured in over 15 articles related to the Kickstarter! Check out some of these below: Mashable Energy Harvesting Journal WTAE &#160; Kickstarter can be tracked here, at KickTraq.com. For a full media list, see our press page, here: PRESS]]></description>
				<content:encoded><![CDATA[<p>SolePower has been featured in over 15 articles related to the <a title="SolePower Kickstarter" href="http://www.kickstarter.com/projects/764467377/solepower-power-by-walking-0" target="_blank">Kickstarter</a>! Check out some of these below:</p>
<h5><a title="Mashable" href="http://mashable.com/2013/06/07/solepower/" target="_blank">Mashable</a></h5>
<h5><a title="Energy Harvesting Journal" href="http://www.energyharvestingjournal.com/articles/power-generating-shoe-insert-00005504.asp?sessionid=1" target="_blank">Energy Harvesting Journal</a></h5>
<h5><a title="WTAE" href="http://www.wtae.com/news/local/allegheny/hightech-insole-charges-your-smartphone-as-you-walk/-/10927008/20526994/-/ri9ln1/-/index.html" target="_blank">WTAE</a></h5>
<p>&nbsp;</p>
<p><iframe width="640" height="360" src="http://www.youtube.com/embed/eHKmjZHUQtA?feature=oembed" frameborder="0" allowfullscreen></iframe></p>
<p><a title="SolePower Kickstarter" href="http://www.kickstarter.com/projects/764467377/solepower-power-by-walking-0" target="_blank">Kickstarter</a> can be tracked here, at <a title="SolePower KickTraq" href="http://www.kicktraq.com/projects/764467377/solepower-power-by-walking-0/" target="_blank">KickTraq.com</a>.</p>
<p>For a full media list, see our press page, here: <a title="press" href="/solepower-in-the-media/">PRESS</a></p>
]]></content:encoded>
			<wfw:commentRss>https://solepowertech.com/2013/06/08/solepower-kickstarter-in-the-news/feed/</wfw:commentRss>
		<slash:comments>0</slash:comments>
		</item>
	</channel>
</rss>
