{
    "ARCHIVARIX_LOADER_MODE": 0,
    "ARCHIVARIX_PROTOCOL": "any",
    "ARCHIVARIX_INCLUDE_CUSTOM": [],
    "ARCHIVARIX_FIX_MISSING_IMAGES": 1,
    "ARCHIVARIX_FIX_MISSING_CSS": 1,
    "ARCHIVARIX_FIX_MISSING_JS": 1,
    "ARCHIVARIX_FIX_MISSING_ICO": 1,
    "ARCHIVARIX_QUERYLESS": 1,
    "ARCHIVARIX_REDIRECT_MISSING_HTML": "\/",
    "ARCHIVARIX_CACHE_CONTROL_MAX_AGE": 31536000,
    "ARCHIVARIX_CONTENT_PATH": "",
    "ARCHIVARIX_CUSTOM_DOMAIN": "",
    "ARCHIVARIX_SITEMAP_PATH": "\/sitemap.xml",
    "ARCHIVARIX_CATCH_MISSING": "",
    "ARCHIVARIX_BLOCK_BOTS": []
}