<?xml version="1.0" encoding="UTF-8"?><rss version="2.0"
	xmlns:content="http://purl.org/rss/1.0/modules/content/"
	xmlns:wfw="http://wellformedweb.org/CommentAPI/"
	xmlns:dc="http://purl.org/dc/elements/1.1/"
	xmlns:atom="http://www.w3.org/2005/Atom"
	xmlns:sy="http://purl.org/rss/1.0/modules/syndication/"
	xmlns:slash="http://purl.org/rss/1.0/modules/slash/"
	>

<channel>
	<title>SolePower &#187; Press Releases</title>
	<atom:link href="/press-releases/feed/" rel="self" type="application/rss+xml" />
	<link>https://solepowertech.com</link>
	<description>Powering the future, one step at a time</description>
	<lastBuildDate>Thu, 15 Jan 2015 23:50:02 +0000</lastBuildDate>
	<language>en-US</language>
		<sy:updatePeriod>hourly</sy:updatePeriod>
		<sy:updateFrequency>1</sy:updateFrequency>
	<generator>http://wordpress.org/?v=4.0.1</generator>
	<item>
		<title>Forbes Names SolePower Co-Founders in its 30 Under 30</title>
		<link>https://solepowertech.com/press-releases/2015/01/05/forbes-names-solepower-co-founders-in-its-30-under-30/</link>
		<comments>https://solepowertech.com/press-releases/2015/01/05/forbes-names-solepower-co-founders-in-its-30-under-30/#comments</comments>
		<pubDate>Mon, 05 Jan 2015 19:59:24 +0000</pubDate>
		<dc:creator><![CDATA[SolePower]]></dc:creator>
		
		<guid isPermaLink="false">https://solepowertech.com/?post_type=press-releases&#038;p=1566</guid>
		<description><![CDATA[SolePower co-founders Hahna Alexander and Matthew Stanton have been named in Forbes Magazine’s 2015 30 Under 30 in Energy. In its fourth annual celebration of “young game changes, movers and makers” Forbes listed 600 millennials in 20 fields. The two entrepreneurs were recognized for their commercialization efforts of the EnSoles, a pair of power generating [&#8230;]<img src="http://track.hubspot.com/__ptq.gif?a=414308&k=14&bu=http%3A%2F%2Fsolepowertech.com&r=http%3A%2F%2Fsolepowertech.com%2Fpress-releases%2F2015%2F01%2F05%2Fforbes-names-solepower-co-founders-in-its-30-under-30%2F&bvt=rss&p=wordpress" style="float:left;" xml:base="https://solepowertech.com/feed/" width="1" height="1" border="0" align="right"/>]]></description>
				<content:encoded><![CDATA[<p>SolePower co-founders Hahna Alexander and Matthew Stanton have been named in <a href="http://www.forbes.com/30under30/#/energy" target="_blank">Forbes Magazine’s 2015 30 Under 30 in Energy</a>. In its fourth annual celebration of “young game changes, movers and makers” Forbes listed 600 millennials in 20 fields.</p>
<p>The two entrepreneurs were recognized for their commercialization efforts of the EnSoles, a pair of power generating insoles. A project that started in the classroom and now is the foundation of a tech startup aiming to make a global impact.</p>
<p>Hahna and Matt, both 24, were among 7 others named who are <a href="http://www.nextpittsburgh.com/pittsburgh-in-the-news/forbes-names-nine-pittsburgh-innovators-30-30-lists/" target="_blank">connected to Pittsburgh</a>, including fellow Carnegie Mellon University alumni Abe Othman who was also listed in the Energy category.</p>
<img src="http://track.hubspot.com/__ptq.gif?a=414308&k=14&bu=http%3A%2F%2Fsolepowertech.com&r=http%3A%2F%2Fsolepowertech.com%2Fpress-releases%2F2015%2F01%2F05%2Fforbes-names-solepower-co-founders-in-its-30-under-30%2F&bvt=rss&p=wordpress" style="float:left;" xml:base="https://solepowertech.com/feed/" width="1" height="1" border="0" align="right"/>]]></content:encoded>
			<wfw:commentRss>https://solepowertech.com/press-releases/2015/01/05/forbes-names-solepower-co-founders-in-its-30-under-30/feed/</wfw:commentRss>
		<slash:comments>0</slash:comments>
		</item>
		<item>
		<title>SolePower CEO Participates in a Autodesk University Panel Discussion</title>
		<link>https://solepowertech.com/press-releases/2014/12/05/solepower-ceo-participates-in-a-autodesk-university-panel-discussion/</link>
		<comments>https://solepowertech.com/press-releases/2014/12/05/solepower-ceo-participates-in-a-autodesk-university-panel-discussion/#comments</comments>
		<pubDate>Fri, 05 Dec 2014 19:52:40 +0000</pubDate>
		<dc:creator><![CDATA[SolePower]]></dc:creator>
		
		<guid isPermaLink="false">https://solepowertech.com/?post_type=press-releases&#038;p=1561</guid>
		<description><![CDATA[SolePower co-founder and CEO Matthew Stanton joined a panel of speakers during the 2014 Autodesk University in Las Vegas. The group discussed product design challenges caused by the growing complexity and interconnectivity among new products from various industries. In this panel, they shared their personal experiences, insight, and what they saw as the future of [&#8230;]<img src="http://track.hubspot.com/__ptq.gif?a=414308&k=14&bu=http%3A%2F%2Fsolepowertech.com&r=http%3A%2F%2Fsolepowertech.com%2Fpress-releases%2F2014%2F12%2F05%2Fsolepower-ceo-participates-in-a-autodesk-university-panel-discussion%2F&bvt=rss&p=wordpress" style="float:left;" xml:base="https://solepowertech.com/feed/" width="1" height="1" border="0" align="right"/>]]></description>
				<content:encoded><![CDATA[<p>SolePower co-founder and CEO Matthew Stanton joined a <a href="http://au.autodesk.com/au-online/classes-on-demand/class-catalog/2014/class-detail/md6201" target="_blank">panel of speakers during the 2014 Autodesk University</a> in Las Vegas. The group discussed product design challenges caused by the growing complexity and interconnectivity among new products from various industries. In this panel, they shared their personal experiences, insight, and what they saw as <a href="https://www.facebook.com/video.php?v=862961490415145" target="_blank">the future of physical product development. </a></p>
<p>Autodesk University (AU) provides Autodesk enthusiasts from around the world the opportunity to learn, network, and celebrate the power of Autodesk technology and the international AU community. The 2014 in-person event in Las Vegas was one of three, with the other two taking place in Istanbul, Turkey and Dubai, United Arab Emirates. Additional information and videos from the event can be found <a href="http://au.autodesk.com/" target="_blank">here</a>.</p>
<img src="http://track.hubspot.com/__ptq.gif?a=414308&k=14&bu=http%3A%2F%2Fsolepowertech.com&r=http%3A%2F%2Fsolepowertech.com%2Fpress-releases%2F2014%2F12%2F05%2Fsolepower-ceo-participates-in-a-autodesk-university-panel-discussion%2F&bvt=rss&p=wordpress" style="float:left;" xml:base="https://solepowertech.com/feed/" width="1" height="1" border="0" align="right"/>]]></content:encoded>
			<wfw:commentRss>https://solepowertech.com/press-releases/2014/12/05/solepower-ceo-participates-in-a-autodesk-university-panel-discussion/feed/</wfw:commentRss>
		<slash:comments>0</slash:comments>
		</item>
		<item>
		<title>SolePower CTO  Recognized as Tech Hero by Glamour Magazine</title>
		<link>https://solepowertech.com/press-releases/2014/11/10/solepower-cto-recognized-as-tech-hero-by-glamour-magazine/</link>
		<comments>https://solepowertech.com/press-releases/2014/11/10/solepower-cto-recognized-as-tech-hero-by-glamour-magazine/#comments</comments>
		<pubDate>Mon, 10 Nov 2014 19:33:06 +0000</pubDate>
		<dc:creator><![CDATA[SolePower]]></dc:creator>
		
		<guid isPermaLink="false">https://solepowertech.com/?post_type=press-releases&#038;p=1558</guid>
		<description><![CDATA[SolePower co-founder and CTO Hahna Alexander has been recognized as a Tech Hero during the 2014 Glamour Women of the Year Awards. Overall, “10 young women whose inventions are (or will be) serious game changers” were recognized during the 24th annual event. Every year, Glamour uses these awards to spotlight a group of “inspiring, accomplished [&#8230;]<img src="http://track.hubspot.com/__ptq.gif?a=414308&k=14&bu=http%3A%2F%2Fsolepowertech.com&r=http%3A%2F%2Fsolepowertech.com%2Fpress-releases%2F2014%2F11%2F10%2Fsolepower-cto-recognized-as-tech-hero-by-glamour-magazine%2F&bvt=rss&p=wordpress" style="float:left;" xml:base="https://solepowertech.com/feed/" width="1" height="1" border="0" align="right"/>]]></description>
				<content:encoded><![CDATA[<p>SolePower co-founder and CTO Hahna Alexander has been recognized as a <a href="http://www.glamour.com/inspired/blogs/the-conversation/2014/11/women-tech-heroes-of-the-year" target="_blank">Tech Hero</a> during the 2014 Glamour Women of the Year Awards. Overall, “10 young women whose inventions are (or will be) serious game changers” were recognized during the 24th annual event.</p>
<p>Every year, <a href="http://www.glamour.com/" target="_blank">Glamour</a> uses these awards to spotlight a group of “inspiring, accomplished women whose names and work make headlines.” This year’s selection included <a href="http://www.glamour.com/inspired/women-of-the-year" target="_blank">Chelsea Clinton, Sylvia Earle, Samantha Power, and Robin Roberts.</a></p>
<p>&#8220;It was an honor just to be in attendance&#8221; Hahna says about the event, &#8220;let alone be invited as an inventor, to hear their words of wisdom and encouragement, and to meet really inspiring women who have done incredible things.&#8221;</p>
<img src="http://track.hubspot.com/__ptq.gif?a=414308&k=14&bu=http%3A%2F%2Fsolepowertech.com&r=http%3A%2F%2Fsolepowertech.com%2Fpress-releases%2F2014%2F11%2F10%2Fsolepower-cto-recognized-as-tech-hero-by-glamour-magazine%2F&bvt=rss&p=wordpress" style="float:left;" xml:base="https://solepowertech.com/feed/" width="1" height="1" border="0" align="right"/>]]></content:encoded>
			<wfw:commentRss>https://solepowertech.com/press-releases/2014/11/10/solepower-cto-recognized-as-tech-hero-by-glamour-magazine/feed/</wfw:commentRss>
		<slash:comments>0</slash:comments>
		</item>
		<item>
		<title>SolePower Exhibits During The Web Summit</title>
		<link>https://solepowertech.com/press-releases/2014/11/07/solepower-to-exhibit-during-the-web-summit/</link>
		<comments>https://solepowertech.com/press-releases/2014/11/07/solepower-to-exhibit-during-the-web-summit/#comments</comments>
		<pubDate>Fri, 07 Nov 2014 19:26:36 +0000</pubDate>
		<dc:creator><![CDATA[SolePower]]></dc:creator>
		
		<guid isPermaLink="false">https://solepowertech.com/?post_type=press-releases&#038;p=1553</guid>
		<description><![CDATA[SolePower, developer of the EnSoles, a pair of power generating insoles, attended the 2014 Web Summit in Dublin, Ireland. The Pittsburgh, PA based hardware startup was selected to be among the “incredible, early stage startups” who received free exhibition space through the Alpha Track competition. The Web Summit is an annual tech gathering in Dublin; [&#8230;]<img src="http://track.hubspot.com/__ptq.gif?a=414308&k=14&bu=http%3A%2F%2Fsolepowertech.com&r=http%3A%2F%2Fsolepowertech.com%2Fpress-releases%2F2014%2F11%2F07%2Fsolepower-to-exhibit-during-the-web-summit%2F&bvt=rss&p=wordpress" style="float:left;" xml:base="https://solepowertech.com/feed/" width="1" height="1" border="0" align="right"/>]]></description>
				<content:encoded><![CDATA[<p>SolePower, developer of the EnSoles, a pair of power generating insoles, attended the 2014 <a href="http://websummit.net/" target="_blank">Web Summit</a> in Dublin, Ireland. The Pittsburgh, PA based hardware startup was selected to be among the “incredible, early stage startups” who received free exhibition space through the <a href="http://websummit.net/startups/alpha" target="_blank">Alpha Track competition</a>.</p>
<p>The Web Summit is an annual tech gathering in Dublin; the 2014 event was the fifth summit. It has become one of the <a href="http://websummit.net/attendees/why-attend" target="_blank">leading tech conferences</a> in Europe and around the globe. During its existence, this conference has hosted speakers such as tech entrepreneurs Elon Musk, Peter Thiel, and Mark Pincus as well as celebrities Bono and Tony Hawk.</p>
<img src="http://track.hubspot.com/__ptq.gif?a=414308&k=14&bu=http%3A%2F%2Fsolepowertech.com&r=http%3A%2F%2Fsolepowertech.com%2Fpress-releases%2F2014%2F11%2F07%2Fsolepower-to-exhibit-during-the-web-summit%2F&bvt=rss&p=wordpress" style="float:left;" xml:base="https://solepowertech.com/feed/" width="1" height="1" border="0" align="right"/>]]></content:encoded>
			<wfw:commentRss>https://solepowertech.com/press-releases/2014/11/07/solepower-to-exhibit-during-the-web-summit/feed/</wfw:commentRss>
		<slash:comments>0</slash:comments>
		</item>
		<item>
		<title>SOLEPOWER TO ATTEND ‘RISE OF THE REST’ SUMMIT</title>
		<link>https://solepowertech.com/press-releases/2014/09/16/solepower-to-attend-rise-of-the-rest-summit/</link>
		<comments>https://solepowertech.com/press-releases/2014/09/16/solepower-to-attend-rise-of-the-rest-summit/#comments</comments>
		<pubDate>Tue, 16 Sep 2014 21:19:57 +0000</pubDate>
		<dc:creator><![CDATA[SolePower]]></dc:creator>
		
		<guid isPermaLink="false">https://solepowertech.com/?post_type=press-releases&#038;p=1314</guid>
		<description><![CDATA[SolePower LLC is one of four of startups selected to attend the Rise of the Rest Summit in Washington, D.C. Hosted by AOL co-founder Steve Case, the summit is designed to provide investment opportunities and coaching for companies based outside of Silicon Valley. The two-day event starts Wednesday. Case invested $100,000 in each of the [&#8230;]<img src="http://track.hubspot.com/__ptq.gif?a=414308&k=14&bu=http%3A%2F%2Fsolepowertech.com&r=http%3A%2F%2Fsolepowertech.com%2Fpress-releases%2F2014%2F09%2F16%2Fsolepower-to-attend-rise-of-the-rest-summit%2F&bvt=rss&p=wordpress" style="float:left;" xml:base="https://solepowertech.com/feed/" width="1" height="1" border="0" align="right"/>]]></description>
				<content:encoded><![CDATA[<p>SolePower LLC is one of four of startups selected to attend the Rise of the Rest Summit in Washington, D.C. Hosted by AOL co-founder Steve Case, the summit is designed to provide investment opportunities and coaching for companies based outside of Silicon Valley. The two-day event starts Wednesday.</p>
<p>Case invested $100,000 in each of the four startups in attendance, each local winners of pitch competitions held during his Rise of the Rest Road Tour. The other winners are Frameri of Cincinnati; Stik.com of Detroit; and Checkd.in of Nashville.</p>
<p>During the summit, the four winning companies will have the opportunity to be a part of a private investor showcase and to pitch to potential investors. They will receive strategic guidance on how to grow their companies and advance startup culture in their hometowns.</p>
<img src="http://track.hubspot.com/__ptq.gif?a=414308&k=14&bu=http%3A%2F%2Fsolepowertech.com&r=http%3A%2F%2Fsolepowertech.com%2Fpress-releases%2F2014%2F09%2F16%2Fsolepower-to-attend-rise-of-the-rest-summit%2F&bvt=rss&p=wordpress" style="float:left;" xml:base="https://solepowertech.com/feed/" width="1" height="1" border="0" align="right"/>]]></content:encoded>
			<wfw:commentRss>https://solepowertech.com/press-releases/2014/09/16/solepower-to-attend-rise-of-the-rest-summit/feed/</wfw:commentRss>
		<slash:comments>0</slash:comments>
		</item>
		<item>
		<title>SolePower Wins ‘Rise of the Rest’ Competition and $100,000 Investment</title>
		<link>https://solepowertech.com/press-releases/2014/06/25/solepower-wins-rise-of-the-rest-competition-and-100000-investment/</link>
		<comments>https://solepowertech.com/press-releases/2014/06/25/solepower-wins-rise-of-the-rest-competition-and-100000-investment/#comments</comments>
		<pubDate>Wed, 25 Jun 2014 23:06:03 +0000</pubDate>
		<dc:creator><![CDATA[SolePower]]></dc:creator>
		
		<guid isPermaLink="false">https://solepowertech.com/?post_type=press-releases&#038;p=1311</guid>
		<description><![CDATA[Local startup firm, SolePower, won the “Rise of the Rest” pitch competition and a $100,000 investment from AOL Co-Founder Steve Case. CTO and Co-Founder, Hahna Alexander, represented SolePower in the competition. Held at AlphaLab Gear in East Liberty, the competition pitted 10 local startups against each other for the $100,000 prize. Each company was given [&#8230;]<img src="http://track.hubspot.com/__ptq.gif?a=414308&k=14&bu=http%3A%2F%2Fsolepowertech.com&r=http%3A%2F%2Fsolepowertech.com%2Fpress-releases%2F2014%2F06%2F25%2Fsolepower-wins-rise-of-the-rest-competition-and-100000-investment%2F&bvt=rss&p=wordpress" style="float:left;" xml:base="https://solepowertech.com/feed/" width="1" height="1" border="0" align="right"/>]]></description>
				<content:encoded><![CDATA[<p>Local startup firm, SolePower, won the “Rise of the Rest” pitch competition and a $100,000 investment from AOL Co-Founder Steve Case. CTO and Co-Founder, Hahna Alexander, represented SolePower in the competition.</p>
<p>Held at AlphaLab Gear in East Liberty, the competition pitted 10 local startups against each other for the $100,000 prize. Each company was given five minutes each to pitch their concept. Judges for the competition included Case; Luke Skurman, Niche Social founder and CEO;  Jay Katarancic, local venture capitalist from Draper Triangle Ventures; Debra Lam, the City of Pittsburgh&#8217;s first chief of innovation &amp; performance; and Franco Harris, a Steelers legend and entrepreneur.</p>
<p>The Rise of the Rest Road Tour launched in Detroit on June 24<sup>th</sup>. Pittsburgh was the second stop on the 25<sup>th</sup>. On June 26<sup>th</sup>, the tour heads to Cincinnati and wraps up in Nashville on the 27<sup>th</sup>. Each stop features visits to local startups and incubators, fireside chats featuring Steve Case and other entrepreneurs, a pitch competition like that won by SolePower for a $100,000 prize and networking events for the local startup community. Tour sponsors include Revolution, UP Global, Google for Entrepreneurs, Engine and Seed Here Studio.</p>
<img src="http://track.hubspot.com/__ptq.gif?a=414308&k=14&bu=http%3A%2F%2Fsolepowertech.com&r=http%3A%2F%2Fsolepowertech.com%2Fpress-releases%2F2014%2F06%2F25%2Fsolepower-wins-rise-of-the-rest-competition-and-100000-investment%2F&bvt=rss&p=wordpress" style="float:left;" xml:base="https://solepowertech.com/feed/" width="1" height="1" border="0" align="right"/>]]></content:encoded>
			<wfw:commentRss>https://solepowertech.com/press-releases/2014/06/25/solepower-wins-rise-of-the-rest-competition-and-100000-investment/feed/</wfw:commentRss>
		<slash:comments>0</slash:comments>
		</item>
		<item>
		<title>SolePower Attends White House Maker Faire</title>
		<link>https://solepowertech.com/press-releases/2014/06/18/solepower-attends-white-house-maker-faire/</link>
		<comments>https://solepowertech.com/press-releases/2014/06/18/solepower-attends-white-house-maker-faire/#comments</comments>
		<pubDate>Wed, 18 Jun 2014 22:57:20 +0000</pubDate>
		<dc:creator><![CDATA[SolePower]]></dc:creator>
		
		<guid isPermaLink="false">https://solepowertech.com/?post_type=press-releases&#038;p=1308</guid>
		<description><![CDATA[SolePower attended the first annual White House Maker Faire on Wednesday, June 18. In the East Wing of the White House, Co-Founder and CTO Hahna Alexander demonstrated how SolePower EnSoles enable users to charge their mobile devices simply by walking to President Obama and distinguished guests. The Maker Faire was developed to inspire more people [&#8230;]<img src="http://track.hubspot.com/__ptq.gif?a=414308&k=14&bu=http%3A%2F%2Fsolepowertech.com&r=http%3A%2F%2Fsolepowertech.com%2Fpress-releases%2F2014%2F06%2F18%2Fsolepower-attends-white-house-maker-faire%2F&bvt=rss&p=wordpress" style="float:left;" xml:base="https://solepowertech.com/feed/" width="1" height="1" border="0" align="right"/>]]></description>
				<content:encoded><![CDATA[<p>SolePower attended the first annual White House Maker Faire on Wednesday, June 18. In the East Wing of the White House, Co-Founder and CTO Hahna Alexander demonstrated how SolePower EnSoles enable users to charge their mobile devices simply by walking to President Obama and distinguished guests.</p>
<p>The Maker Faire was developed to inspire more people to become entrepreneurs and to pursue careers in design, advanced manufacturing, and the related fields of science, technology, engineering and mathematics (STEM). The event highlighted the remarkable stories of Makers like SolePower and their commitment to technological innovation. It was born out of White House efforts to inspire a generation of students to become “makers of things, not just consumers of things.”</p>
<p>The Obama Administration has partnered with companies, non-profits, and the Pittsburgh community to help grow emerging Maker Movement. The Defense Advanced Projects Agency, or DARPA, partnered with the Veteran’s Administration to support the creation of a TechShop in Pittsburgh, where members like SolePower and other entrepreneurs can access cutting-edge tools for making. Area veterans were given memberships as part of the initiative.</p>
<img src="http://track.hubspot.com/__ptq.gif?a=414308&k=14&bu=http%3A%2F%2Fsolepowertech.com&r=http%3A%2F%2Fsolepowertech.com%2Fpress-releases%2F2014%2F06%2F18%2Fsolepower-attends-white-house-maker-faire%2F&bvt=rss&p=wordpress" style="float:left;" xml:base="https://solepowertech.com/feed/" width="1" height="1" border="0" align="right"/>]]></content:encoded>
			<wfw:commentRss>https://solepowertech.com/press-releases/2014/06/18/solepower-attends-white-house-maker-faire/feed/</wfw:commentRss>
		<slash:comments>0</slash:comments>
		</item>
		<item>
		<title>SolePower was selected as a winner of the 2014 Popular Science Invention Awards</title>
		<link>https://solepowertech.com/press-releases/2014/04/08/solepower-was-selected-as-a-winner-of-the-2014-popular-science-invention-awards/</link>
		<comments>https://solepowertech.com/press-releases/2014/04/08/solepower-was-selected-as-a-winner-of-the-2014-popular-science-invention-awards/#comments</comments>
		<pubDate>Tue, 08 Apr 2014 16:47:16 +0000</pubDate>
		<dc:creator><![CDATA[SolePower]]></dc:creator>
		
		<guid isPermaLink="false">https://solepowertech.com/?post_type=press-releases&#038;p=1203</guid>
		<description><![CDATA[The SolePower energy harvesting insoles are among the winners of Popular Science’s 2014 Invention Awards. This is an honorable recognition of the innovative, functional, and practical qualities the SolePower insoles have and their ability to make a positive impact in the world. “For 142 years Popular Science has celebrated the independent inventor. The Invention Awards [&#8230;]<img src="http://track.hubspot.com/__ptq.gif?a=414308&k=14&bu=http%3A%2F%2Fsolepowertech.com&r=http%3A%2F%2Fsolepowertech.com%2Fpress-releases%2F2014%2F04%2F08%2Fsolepower-was-selected-as-a-winner-of-the-2014-popular-science-invention-awards%2F&bvt=rss&p=wordpress" style="float:left;" xml:base="https://solepowertech.com/feed/" width="1" height="1" border="0" align="right"/>]]></description>
				<content:encoded><![CDATA[<p>The SolePower energy harvesting insoles are among the winners of <a href="http://www.popsci.com/article/science/invention-awards-2014-charge-gadgets-your-footsteps?dom=PSC&amp;loc=poprail&amp;lnk=4&amp;con=invention-awards-2014-charge-gadgets-with-your-footsteps" target="_blank">Popular Science’s 2014 Invention Awards</a>. This is an honorable recognition of the innovative, functional, and practical qualities the SolePower insoles have and their ability to make a positive impact in the world.</p>
<p>“For 142 years <em>Popular Science</em> has celebrated the independent inventor. The Invention Awards serve a dual purpose by paying tribute to our heritage and to inventors everywhere. Over the years we&#8217;ve covered so many, from Tesla and Curie to Jobs and Zuckerberg and even the Wright brothers after their first flight. Inventors see potential where others don&#8217;t and that&#8217;s what sets them apart. From the entrepreneur who reconceived the bike helmet to an innersole that converts human energy into power for electronics, this year&#8217;s winners have each created something that makes the world a better place for us all&#8211;and that&#8217;s surely something to celebrate&#8221; Cliff Ransom, editor in chief, Popular Science.</p>
<p>“As a kid, I read <em>Popular Science</em> and was inspired by the incredible things I learned about,” said Hahna Alexander, SolePower’s CTO. “Today, being an engineer whose device is among the winners of these awards is a surreal, but absolutely amazing feeling.”</p>
<p><a href="http://www.popsci.com/category/tags/invention-awards-2014" target="_blank">All 2014 Invention Awards winners.</a></p>
<img src="http://track.hubspot.com/__ptq.gif?a=414308&k=14&bu=http%3A%2F%2Fsolepowertech.com&r=http%3A%2F%2Fsolepowertech.com%2Fpress-releases%2F2014%2F04%2F08%2Fsolepower-was-selected-as-a-winner-of-the-2014-popular-science-invention-awards%2F&bvt=rss&p=wordpress" style="float:left;" xml:base="https://solepowertech.com/feed/" width="1" height="1" border="0" align="right"/>]]></content:encoded>
			<wfw:commentRss>https://solepowertech.com/press-releases/2014/04/08/solepower-was-selected-as-a-winner-of-the-2014-popular-science-invention-awards/feed/</wfw:commentRss>
		<slash:comments>0</slash:comments>
		</item>
		<item>
		<title>SolePower earns free exhibition space at Collision conference in Las Vegas</title>
		<link>https://solepowertech.com/press-releases/2014/04/02/solepower-earns-free-exhibition-space-at-collision-conference-in-las-vegas/</link>
		<comments>https://solepowertech.com/press-releases/2014/04/02/solepower-earns-free-exhibition-space-at-collision-conference-in-las-vegas/#comments</comments>
		<pubDate>Wed, 02 Apr 2014 03:40:14 +0000</pubDate>
		<dc:creator><![CDATA[SolePower]]></dc:creator>
		
		<guid isPermaLink="false">https://solepowertech.com/?post_type=press-releases&#038;p=1188</guid>
		<description><![CDATA[SolePower was selected to be part of the Collide Startup Track, in which “incredible startups” are given free exhibition space during Collision, a new tech conference in Las Vegas. The conference is run by the team behind The Summit, one of the biggest tech conferences in Europe. Collision will take place on May 13th and [&#8230;]<img src="http://track.hubspot.com/__ptq.gif?a=414308&k=14&bu=http%3A%2F%2Fsolepowertech.com&r=http%3A%2F%2Fsolepowertech.com%2Fpress-releases%2F2014%2F04%2F02%2Fsolepower-earns-free-exhibition-space-at-collision-conference-in-las-vegas%2F&bvt=rss&p=wordpress" style="float:left;" xml:base="https://solepowertech.com/feed/" width="1" height="1" border="0" align="right"/>]]></description>
				<content:encoded><![CDATA[<p>SolePower was selected to be part of the <a href="http://collisionconf.com/startups">Collide Startup Track</a>, in which “incredible startups” are given free exhibition space during <a href="http://collisionconf.com/">Collision</a>, a new tech conference in Las Vegas. The conference is run by the team behind <a href="http://www.thesummit.co/">The Summit</a>, one of the biggest tech conferences in Europe. Collision will take place on May 13th and 14th and will be attended by 500 highly influential <a href="http://collisionconf.com/speakers">speakers</a>, investors, and media from the tech industry. SolePower will display the latest prototype of its power generating shoe insoles during the conference.</p>
<img src="http://track.hubspot.com/__ptq.gif?a=414308&k=14&bu=http%3A%2F%2Fsolepowertech.com&r=http%3A%2F%2Fsolepowertech.com%2Fpress-releases%2F2014%2F04%2F02%2Fsolepower-earns-free-exhibition-space-at-collision-conference-in-las-vegas%2F&bvt=rss&p=wordpress" style="float:left;" xml:base="https://solepowertech.com/feed/" width="1" height="1" border="0" align="right"/>]]></content:encoded>
			<wfw:commentRss>https://solepowertech.com/press-releases/2014/04/02/solepower-earns-free-exhibition-space-at-collision-conference-in-las-vegas/feed/</wfw:commentRss>
		<slash:comments>0</slash:comments>
		</item>
		<item>
		<title>SolePower wins the Africa Energy Award for Innovator of the Year</title>
		<link>https://solepowertech.com/press-releases/2014/03/12/solepower-wins-the-africa-energy-award-for-innovator-of-the-year/</link>
		<comments>https://solepowertech.com/press-releases/2014/03/12/solepower-wins-the-africa-energy-award-for-innovator-of-the-year/#comments</comments>
		<pubDate>Wed, 12 Mar 2014 21:23:38 +0000</pubDate>
		<dc:creator><![CDATA[SolePower]]></dc:creator>
		
		<guid isPermaLink="false">https://solepowertech.com/?post_type=press-releases&#038;p=1139</guid>
		<description><![CDATA[SolePower was chosen as the winner of the Africa Energy Award for Innovator of the Year. The Africa Energy Awards are part of the Power and Electricity World Africa Conference hosted in Johannesburg, South Africa and are run by Terrapinn. There are eight different award categories, all of which aim to celebrate the continued growth [&#8230;]<img src="http://track.hubspot.com/__ptq.gif?a=414308&k=14&bu=http%3A%2F%2Fsolepowertech.com&r=http%3A%2F%2Fsolepowertech.com%2Fpress-releases%2F2014%2F03%2F12%2Fsolepower-wins-the-africa-energy-award-for-innovator-of-the-year%2F&bvt=rss&p=wordpress" style="float:left;" xml:base="https://solepowertech.com/feed/" width="1" height="1" border="0" align="right"/>]]></description>
				<content:encoded><![CDATA[<p>SolePower was chosen as the winner of the Africa Energy Award for Innovator of the Year. The <a href="http://www.terrapinn.com/exhibition/power-electricity-world-africa/awards.stm" target="_blank">Africa Energy Awards</a> are part of the <a href="http://www.terrapinn.com/exhibition/power-electricity-world-africa/index.stm" target="_blank">Power and Electricity World Africa Conference</a> hosted in Johannesburg, South Africa and are run by <a href="http://www.terrapinn.com/" target="_blank">Terrapinn</a>. There are eight different award categories, all of which aim to celebrate the continued growth and success of energy projects in Africa. The announcement was made during the March 11th Gala Dinner in the Hilton Hotel located in Sandton, Johannesburg.</p>
<p>“We are truly honored to be named the winners of such an esteemed award,” said Matt Stanton, CEO of SolePower, who accepted the award. “We look forward to making this the first step towards a successful future for SolePower in Africa.”</p>
<p>For the official photo, click <a href="/?p=1177" target="_blank">here</a>.</p>
<img src="http://track.hubspot.com/__ptq.gif?a=414308&k=14&bu=http%3A%2F%2Fsolepowertech.com&r=http%3A%2F%2Fsolepowertech.com%2Fpress-releases%2F2014%2F03%2F12%2Fsolepower-wins-the-africa-energy-award-for-innovator-of-the-year%2F&bvt=rss&p=wordpress" style="float:left;" xml:base="https://solepowertech.com/feed/" width="1" height="1" border="0" align="right"/>]]></content:encoded>
			<wfw:commentRss>https://solepowertech.com/press-releases/2014/03/12/solepower-wins-the-africa-energy-award-for-innovator-of-the-year/feed/</wfw:commentRss>
		<slash:comments>0</slash:comments>
		</item>
	</channel>
</rss>
