<?xml version="1.0" encoding="UTF-8"?>
<!--Generated by Site-Server v6.0.0-e53ddc0f5e04a03568c231596a8ba0671828b373-1 (http://www.squarespace.com) on Mon, 19 Feb 2024 20:32:44 GMT
--><rss xmlns:content="http://purl.org/rss/1.0/modules/content/" xmlns:wfw="http://wellformedweb.org/CommentAPI/" xmlns:itunes="http://www.itunes.com/dtds/podcast-1.0.dtd" xmlns:dc="http://purl.org/dc/elements/1.1/" xmlns:media="http://www.rssboard.org/media-rss" version="2.0"><channel><title>SolePower</title><link>https://solepowertech.com/</link><lastBuildDate>Wed, 19 Oct 2016 18:26:52 +0000</lastBuildDate><language>en-US</language><generator>Site-Server v6.0.0-e53ddc0f5e04a03568c231596a8ba0671828b373-1 (http://www.squarespace.com)</generator><description><![CDATA[<p>Remote management platform with smart, connected work boots for real time location and lone worker protection</p>]]></description></channel></rss>