<?xml version="1.0" encoding="UTF-8"?><rss version="2.0"
	xmlns:content="http://purl.org/rss/1.0/modules/content/"
	xmlns:dc="http://purl.org/dc/elements/1.1/"
	xmlns:atom="http://www.w3.org/2005/Atom"
	xmlns:sy="http://purl.org/rss/1.0/modules/syndication/"
		>
<channel>
	<title>Comments on: Featured in Mashable, WTAE&#8230;</title>
	<atom:link href="/2013/06/08/solepower-kickstarter-in-the-news/feed/" rel="self" type="application/rss+xml" />
	<link>https://solepowertech.com/2013/06/08/solepower-kickstarter-in-the-news/</link>
	<description>Powering the future, one step at a time</description>
	<lastBuildDate></lastBuildDate>
	<sy:updatePeriod>hourly</sy:updatePeriod>
	<sy:updateFrequency>1</sy:updateFrequency>
	<generator>http://wordpress.org/?v=3.6</generator>
</channel>
</rss>
