<?xml version="1.0" encoding="UTF-8"?><rss version="2.0"
	xmlns:content="http://purl.org/rss/1.0/modules/content/"
	xmlns:dc="http://purl.org/dc/elements/1.1/"
	xmlns:atom="http://www.w3.org/2005/Atom"
	xmlns:sy="http://purl.org/rss/1.0/modules/syndication/"
		>
<channel>
	<title>Comments for SolePower</title>
	<atom:link href="/comments/feed/" rel="self" type="application/rss+xml" />
	<link>https://solepowertech.com</link>
	<description>Powering the future, one step at a time</description>
	<lastBuildDate>Sat, 08 Jun 2013 01:03:14 +0000</lastBuildDate>
	<sy:updatePeriod>hourly</sy:updatePeriod>
	<sy:updateFrequency>1</sy:updateFrequency>
	<generator>http://wordpress.org/?v=3.5.1</generator>
	<item>
		<title>Comment on SolePower Team by SolePower brings USB power to anyone that walks</title>
		<link>https://solepowertech.com/solepower-team/#comment-308</link>
		<dc:creator>SolePower brings USB power to anyone that walks</dc:creator>
		<pubDate>Sat, 08 Jun 2013 01:03:14 +0000</pubDate>
		<guid isPermaLink="false">https://solepowertech.com/?page_id=24#comment-308</guid>
		<description><![CDATA[[...] battery backup cases only provide a specific amount of renewed life for a smartphone. The team of young engineers with SolePower insists on carrying a charging station all the time, in a [...]]]></description>
		<content:encoded><![CDATA[<p>[...] battery backup cases only provide a specific amount of renewed life for a smartphone. The team of young engineers with SolePower insists on carrying a charging station all the time, in a [...]</p>
]]></content:encoded>
	</item>
	<item>
		<title>Comment on SolePower Team by SolePower brings USB power to anyone that walks &#124; Ngọc Đồng Hải Ngoại</title>
		<link>https://solepowertech.com/solepower-team/#comment-306</link>
		<dc:creator>SolePower brings USB power to anyone that walks &#124; Ngọc Đồng Hải Ngoại</dc:creator>
		<pubDate>Fri, 07 Jun 2013 19:07:15 +0000</pubDate>
		<guid isPermaLink="false">https://solepowertech.com/?page_id=24#comment-306</guid>
		<description><![CDATA[[...] battery backup cases only provide a specific amount of renewed life for a smartphone. The team of young engineers with SolePower insists on carrying a charging station all the time, in a [...]]]></description>
		<content:encoded><![CDATA[<p>[...] battery backup cases only provide a specific amount of renewed life for a smartphone. The team of young engineers with SolePower insists on carrying a charging station all the time, in a [...]</p>
]]></content:encoded>
	</item>
	<item>
		<title>Comment on SolePower Team by SolePower brings USB power to anyone that walks &#124; TechKudos</title>
		<link>https://solepowertech.com/solepower-team/#comment-305</link>
		<dc:creator>SolePower brings USB power to anyone that walks &#124; TechKudos</dc:creator>
		<pubDate>Fri, 07 Jun 2013 11:07:53 +0000</pubDate>
		<guid isPermaLink="false">https://solepowertech.com/?page_id=24#comment-305</guid>
		<description><![CDATA[[...] battery backup cases only provide a specific amount of renewed life for a smartphone. The team of young engineers with SolePower insists on carrying a charging station all the time, in a [...]]]></description>
		<content:encoded><![CDATA[<p>[...] battery backup cases only provide a specific amount of renewed life for a smartphone. The team of young engineers with SolePower insists on carrying a charging station all the time, in a [...]</p>
]]></content:encoded>
	</item>
</channel>
</rss>
