<?xml version="1.0" encoding="UTF-8"?><rss version="2.0"
	xmlns:content="http://purl.org/rss/1.0/modules/content/"
	xmlns:wfw="http://wellformedweb.org/CommentAPI/"
	xmlns:dc="http://purl.org/dc/elements/1.1/"
	xmlns:atom="http://www.w3.org/2005/Atom"
	xmlns:sy="http://purl.org/rss/1.0/modules/syndication/"
	xmlns:slash="http://purl.org/rss/1.0/modules/slash/"
	>

<channel>
	<title>SolePower &#187; Team</title>
	<atom:link href="/team/feed/" rel="self" type="application/rss+xml" />
	<link>https://solepowertech.com</link>
	<description>Powering the future, one step at a time</description>
	<lastBuildDate>Wed, 25 Mar 2015 19:13:52 +0000</lastBuildDate>
	<language>en-US</language>
		<sy:updatePeriod>hourly</sy:updatePeriod>
		<sy:updateFrequency>1</sy:updateFrequency>
	<generator>http://wordpress.org/?v=4.0.1</generator>
	<item>
		<title>David Matten</title>
		<link>https://solepowertech.com/team/david-matten/</link>
		<comments>https://solepowertech.com/team/david-matten/#comments</comments>
		<pubDate>Wed, 17 Sep 2014 14:21:17 +0000</pubDate>
		<dc:creator><![CDATA[SolePower]]></dc:creator>
		
		<guid isPermaLink="false">https://solepowertech.com/?post_type=team&#038;p=1316</guid>
		<description><![CDATA[Quick, think of a European country. Got it? David has probably been there. Before joining the SolePower team, David spent half a year backpacking across Europe. Prior to that, he was playing with 3D printing machines and making components for state-of-the art robotic systems for NASA and The Carnegie Mellon Robotics Institute. He is our [&#8230;]<img src="http://track.hubspot.com/__ptq.gif?a=414308&k=14&bu=http%3A%2F%2Fsolepowertech.com&r=http%3A%2F%2Fsolepowertech.com%2Fteam%2Fdavid-matten%2F&bvt=rss&p=wordpress" style="float:left;" xml:base="https://solepowertech.com/feed/" width="1" height="1" border="0" align="right"/>]]></description>
				<content:encoded><![CDATA[<p>Quick, think of a European country. Got it? David has probably been there.</p>
<p>Before joining the SolePower team, David spent half a year backpacking across Europe. Prior to that, he was playing with 3D printing machines and making components for state-of-the art robotic systems for NASA and The Carnegie Mellon Robotics Institute. He is our Lead Mechanical Engineer, design tester, troubleshooter, tinkerer, and self-proclaimed Gear Overlord.</p>
<img src="http://track.hubspot.com/__ptq.gif?a=414308&k=14&bu=http%3A%2F%2Fsolepowertech.com&r=http%3A%2F%2Fsolepowertech.com%2Fteam%2Fdavid-matten%2F&bvt=rss&p=wordpress" style="float:left;" xml:base="https://solepowertech.com/feed/" width="1" height="1" border="0" align="right"/>]]></content:encoded>
			<wfw:commentRss>https://solepowertech.com/team/david-matten/feed/</wfw:commentRss>
		<slash:comments>0</slash:comments>
		</item>
		<item>
		<title>Elliot Kahn</title>
		<link>https://solepowertech.com/team/elliot-kahn/</link>
		<comments>https://solepowertech.com/team/elliot-kahn/#comments</comments>
		<pubDate>Wed, 15 Jan 2014 16:45:25 +0000</pubDate>
		<dc:creator><![CDATA[SolePower]]></dc:creator>
		
		<guid isPermaLink="false">https://solepowertech.com/?post_type=team&#038;p=829</guid>
		<description><![CDATA[Electrical Engineering<img src="http://track.hubspot.com/__ptq.gif?a=414308&k=14&bu=http%3A%2F%2Fsolepowertech.com&r=http%3A%2F%2Fsolepowertech.com%2Fteam%2Felliot-kahn%2F&bvt=rss&p=wordpress" style="float:left;" xml:base="https://solepowertech.com/feed/" width="1" height="1" border="0" align="right"/>]]></description>
				<content:encoded><![CDATA[<p>For Elliot, tearing apart and building circuitry stands second only to sailing through open waters with no set heading. His ambition to be a part of a project that has the potential to make a difference in the world with unique technology led him to SolePower. While at UC Berkeley, he discovered a passion for building energy harvesting circuits; an area that textbooks are only recently starting to cover. In addition to being the team’s electrical wizard, he is the only man we trust to get us across Middle Earth’s Dead Marshes.</p>
<img src="http://track.hubspot.com/__ptq.gif?a=414308&k=14&bu=http%3A%2F%2Fsolepowertech.com&r=http%3A%2F%2Fsolepowertech.com%2Fteam%2Felliot-kahn%2F&bvt=rss&p=wordpress" style="float:left;" xml:base="https://solepowertech.com/feed/" width="1" height="1" border="0" align="right"/>]]></content:encoded>
			<wfw:commentRss>https://solepowertech.com/team/elliot-kahn/feed/</wfw:commentRss>
		<slash:comments>0</slash:comments>
		</item>
		<item>
		<title>Hahna Alexander</title>
		<link>https://solepowertech.com/team/hahna-alexander/</link>
		<comments>https://solepowertech.com/team/hahna-alexander/#comments</comments>
		<pubDate>Wed, 15 Jan 2014 16:44:58 +0000</pubDate>
		<dc:creator><![CDATA[SolePower]]></dc:creator>
		
		<guid isPermaLink="false">https://solepowertech.com/?post_type=team&#038;p=827</guid>
		<description><![CDATA[Co-Founder<img src="http://track.hubspot.com/__ptq.gif?a=414308&k=14&bu=http%3A%2F%2Fsolepowertech.com&r=http%3A%2F%2Fsolepowertech.com%2Fteam%2Fhahna-alexander%2F&bvt=rss&p=wordpress" style="float:left;" xml:base="https://solepowertech.com/feed/" width="1" height="1" border="0" align="right"/>]]></description>
				<content:encoded><![CDATA[<p>As a child, Hahna was inspired by the technology in science fiction books, shows, and comics. She became an engineer because she wanted to make such technology a reality. For her, developing an energy harvesting shoe insert meant creating a device that could be found in an Isaac Asimov book. She also has a lifelong dream of going to space, which grew bigger while designing robots at NASA. As our CTO, she leads product design and is the only one capable of drawing more than stick figures.</p>
<img src="http://track.hubspot.com/__ptq.gif?a=414308&k=14&bu=http%3A%2F%2Fsolepowertech.com&r=http%3A%2F%2Fsolepowertech.com%2Fteam%2Fhahna-alexander%2F&bvt=rss&p=wordpress" style="float:left;" xml:base="https://solepowertech.com/feed/" width="1" height="1" border="0" align="right"/>]]></content:encoded>
			<wfw:commentRss>https://solepowertech.com/team/hahna-alexander/feed/</wfw:commentRss>
		<slash:comments>0</slash:comments>
		</item>
		<item>
		<title>Matthew Stanton</title>
		<link>https://solepowertech.com/team/matthew-stanton/</link>
		<comments>https://solepowertech.com/team/matthew-stanton/#comments</comments>
		<pubDate>Wed, 15 Jan 2014 16:44:24 +0000</pubDate>
		<dc:creator><![CDATA[SolePower]]></dc:creator>
		
		<guid isPermaLink="false">https://solepowertech.com/?post_type=team&#038;p=824</guid>
		<description><![CDATA[Co-Founder<img src="http://track.hubspot.com/__ptq.gif?a=414308&k=14&bu=http%3A%2F%2Fsolepowertech.com&r=http%3A%2F%2Fsolepowertech.com%2Fteam%2Fmatthew-stanton%2F&bvt=rss&p=wordpress" style="float:left;" xml:base="https://solepowertech.com/feed/" width="1" height="1" border="0" align="right"/>]]></description>
				<content:encoded><![CDATA[<p>An avid hiker, Matt is no stranger to the need of power while off the grid. This personal experience was on his mind while developing an energy harvesting shoe insert at Carnegie Mellon University with fellow co-founder Hahna. As a result, he decided to be a part of SolePower’s formation and bring forth a new and more reliable off-grid personal energy solution. Beyond being our CEO, he is our designated lifeguard and an extremely capable engineer who, with a little bit of superglue and a dremel, can make just about anything work.</p>
<img src="http://track.hubspot.com/__ptq.gif?a=414308&k=14&bu=http%3A%2F%2Fsolepowertech.com&r=http%3A%2F%2Fsolepowertech.com%2Fteam%2Fmatthew-stanton%2F&bvt=rss&p=wordpress" style="float:left;" xml:base="https://solepowertech.com/feed/" width="1" height="1" border="0" align="right"/>]]></content:encoded>
			<wfw:commentRss>https://solepowertech.com/team/matthew-stanton/feed/</wfw:commentRss>
		<slash:comments>0</slash:comments>
		</item>
		<item>
		<title>Davit Davitian</title>
		<link>https://solepowertech.com/team/davit-davitian/</link>
		<comments>https://solepowertech.com/team/davit-davitian/#comments</comments>
		<pubDate>Sat, 15 Jan 2011 16:45:53 +0000</pubDate>
		<dc:creator><![CDATA[SolePower]]></dc:creator>
		
		<guid isPermaLink="false">https://solepowertech.com/?post_type=team&#038;p=831</guid>
		<description><![CDATA[Business Development<img src="http://track.hubspot.com/__ptq.gif?a=414308&k=14&bu=http%3A%2F%2Fsolepowertech.com&r=http%3A%2F%2Fsolepowertech.com%2Fteam%2Fdavit-davitian%2F&bvt=rss&p=wordpress" style="float:left;" xml:base="https://solepowertech.com/feed/" width="1" height="1" border="0" align="right"/>]]></description>
				<content:encoded><![CDATA[<p>Due to years of way too much TV and movie watching, Davit can be blamed for all obscure pop-culture references in SolePower content. Before joining the team, his entrepreneurial spirit led to his involvement in the early stages of two businesses while still in school. A competitor at heart with a desire to make a positive impact on the world, Davit is helping build a product and brand that will resonate with people. He&#8217;s a medical marvel and natural poet that has the ability to recognize the insignificance of 18 thousandths of an inch and keep things in perspective.</p>
<img src="http://track.hubspot.com/__ptq.gif?a=414308&k=14&bu=http%3A%2F%2Fsolepowertech.com&r=http%3A%2F%2Fsolepowertech.com%2Fteam%2Fdavit-davitian%2F&bvt=rss&p=wordpress" style="float:left;" xml:base="https://solepowertech.com/feed/" width="1" height="1" border="0" align="right"/>]]></content:encoded>
			<wfw:commentRss>https://solepowertech.com/team/davit-davitian/feed/</wfw:commentRss>
		<slash:comments>0</slash:comments>
		</item>
	</channel>
</rss>
