<?xml version="1.0" encoding="UTF-8"?><rss version="2.0"
	xmlns:content="http://purl.org/rss/1.0/modules/content/"
	xmlns:wfw="http://wellformedweb.org/CommentAPI/"
	xmlns:dc="http://purl.org/dc/elements/1.1/"
	xmlns:atom="http://www.w3.org/2005/Atom"
	xmlns:sy="http://purl.org/rss/1.0/modules/syndication/"
	xmlns:slash="http://purl.org/rss/1.0/modules/slash/"
	>

<channel>
	<title>SolePower &#187; News</title>
	<atom:link href="/category/news/feed/" rel="self" type="application/rss+xml" />
	<link>https://solepowertech.com</link>
	<description>Powering the future, one step at a time</description>
	<lastBuildDate>Thu, 15 Jan 2015 23:50:02 +0000</lastBuildDate>
	<language>en-US</language>
		<sy:updatePeriod>hourly</sy:updatePeriod>
		<sy:updateFrequency>1</sy:updateFrequency>
	<generator>http://wordpress.org/?v=4.0.1</generator>
	<item>
		<title>Founding Date</title>
		<link>https://solepowertech.com/2013/08/28/founding-date/</link>
		<comments>https://solepowertech.com/2013/08/28/founding-date/#comments</comments>
		<pubDate>Wed, 28 Aug 2013 20:28:53 +0000</pubDate>
		<dc:creator><![CDATA[SolePower]]></dc:creator>
				<category><![CDATA[News]]></category>

		<guid isPermaLink="false">https://solepowertech.com/?p=683</guid>
		<description><![CDATA[It&#8217;s SolePower&#8217;s birthday! SolePower founded on August 28, 2013. In the past year, SolePower participated in Cycle 10 of AlphaLab, developed the product, was funded on Kickstarter, and doubled the size of the team! &#160;<img src="http://track.hubspot.com/__ptq.gif?a=414308&k=14&bu=http%3A%2F%2Fsolepowertech.com&r=http%3A%2F%2Fsolepowertech.com%2F2013%2F08%2F28%2Ffounding-date%2F&bvt=rss&p=wordpress" style="float:left;" xml:base="https://solepowertech.com/feed/" width="1" height="1" border="0" align="right"/>]]></description>
				<content:encoded><![CDATA[<h4>It&#8217;s SolePower&#8217;s birthday! SolePower founded on August 28, 2013.</h4>
<p><strong>In the past year, SolePower participated in Cycle 10 of <a title="AlphaLab" href="http://alphalab.org/" target="_blank">AlphaLab</a>, developed the product, was funded on Kickstarter, and doubled the size of the team!</strong></p>
<p>&nbsp;</p>
<img src="http://track.hubspot.com/__ptq.gif?a=414308&k=14&bu=http%3A%2F%2Fsolepowertech.com&r=http%3A%2F%2Fsolepowertech.com%2F2013%2F08%2F28%2Ffounding-date%2F&bvt=rss&p=wordpress" style="float:left;" xml:base="https://solepowertech.com/feed/" width="1" height="1" border="0" align="right"/>]]></content:encoded>
			<wfw:commentRss>https://solepowertech.com/2013/08/28/founding-date/feed/</wfw:commentRss>
		<slash:comments>0</slash:comments>
		</item>
		<item>
		<title>Heart and Sole!</title>
		<link>https://solepowertech.com/2013/08/05/heart-and-sole/</link>
		<comments>https://solepowertech.com/2013/08/05/heart-and-sole/#comments</comments>
		<pubDate>Mon, 05 Aug 2013 03:45:26 +0000</pubDate>
		<dc:creator><![CDATA[SolePower]]></dc:creator>
				<category><![CDATA[News]]></category>

		<guid isPermaLink="false">https://solepowertech.com/?p=612</guid>
		<description><![CDATA[We are excited to list those who decided to go the extra step and help us provide the SolePower insoles to people in developing regions. A J Rubineau Angelina Romano Stroup Bernie Lynch Bonnie Rabin Brett Grossman Camille Doucet Christopher Ruscitti Daniel B. Woods Diane Shulman Rabin Eli Fatsi Francis J Stanton III Frank Stanton [&#8230;]<img src="http://track.hubspot.com/__ptq.gif?a=414308&k=14&bu=http%3A%2F%2Fsolepowertech.com&r=http%3A%2F%2Fsolepowertech.com%2F2013%2F08%2F05%2Fheart-and-sole%2F&bvt=rss&p=wordpress" style="float:left;" xml:base="https://solepowertech.com/feed/" width="1" height="1" border="0" align="right"/>]]></description>
				<content:encoded><![CDATA[<p>We are excited to list those who decided to go the extra step and help us provide the SolePower insoles to people in developing regions.</p>
<p>A J Rubineau<br />
Angelina Romano Stroup<br />
Bernie Lynch<br />
Bonnie Rabin<br />
Brett Grossman<br />
Camille Doucet<br />
Christopher Ruscitti<br />
Daniel B. Woods<br />
Diane Shulman Rabin<br />
Eli Fatsi<br />
Francis J Stanton III<br />
Frank Stanton<br />
Anonymous<br />
Kenton J McElhattan<br />
Larry Adams<br />
Pete M.<br />
Ruth Poproski<br />
Sarah Stroup<br />
Tim Goetze<br />
Tim Smigelski</p>
<p>Thank you very much!</p>
<img src="http://track.hubspot.com/__ptq.gif?a=414308&k=14&bu=http%3A%2F%2Fsolepowertech.com&r=http%3A%2F%2Fsolepowertech.com%2F2013%2F08%2F05%2Fheart-and-sole%2F&bvt=rss&p=wordpress" style="float:left;" xml:base="https://solepowertech.com/feed/" width="1" height="1" border="0" align="right"/>]]></content:encoded>
			<wfw:commentRss>https://solepowertech.com/2013/08/05/heart-and-sole/feed/</wfw:commentRss>
		<slash:comments>1</slash:comments>
		</item>
		<item>
		<title>Kickstarter 60k Success!</title>
		<link>https://solepowertech.com/2013/08/02/kickstarter-60k-success/</link>
		<comments>https://solepowertech.com/2013/08/02/kickstarter-60k-success/#comments</comments>
		<pubDate>Fri, 02 Aug 2013 21:06:57 +0000</pubDate>
		<dc:creator><![CDATA[SolePower]]></dc:creator>
				<category><![CDATA[News]]></category>

		<guid isPermaLink="false">https://solepowertech.com/?p=571</guid>
		<description><![CDATA[SolePower is pleased to have been successfully funded on Kickstarter! We had 45 days and a goal of 50,000 USD. On July 18 we raised 120% of our goal: 60,184 USD and 637 backers! We had 20 backers support us in pre-orders of $300+ or more and over 180 backers not located in the United [&#8230;]<img src="http://track.hubspot.com/__ptq.gif?a=414308&k=14&bu=http%3A%2F%2Fsolepowertech.com&r=http%3A%2F%2Fsolepowertech.com%2F2013%2F08%2F02%2Fkickstarter-60k-success%2F&bvt=rss&p=wordpress" style="float:left;" xml:base="https://solepowertech.com/feed/" width="1" height="1" border="0" align="right"/>]]></description>
				<content:encoded><![CDATA[<p>SolePower is pleased to have been successfully funded on Kickstarter! We had 45 days and a goal of 50,000 USD. On July 18 we raised 120% of our goal: 60,184 USD and 637 backers!</p>
<p><img class="alignnone size-large wp-image-575" alt="Kickstarter Success" src="/wp-content/uploads/2013/08/Kickstarter-Success-600x381.png" width="600" height="381" /></p>
<p>We had 20 backers support us in pre-orders of $300+ or more and over 180 backers not located in the United States. The breakdown can be found on our <a title="Kickstarter" href="http://www.kickstarter.com/projects/764467377/solepower-power-by-walking-0" target="_blank">Kickstarter</a> page with interesting stats about the campaign on <a title="Kicktraq" href="http://www.kicktraq.com/projects/764467377/solepower-power-by-walking-0/#chart-mini" target="_blank">Kicktraq.com</a>. Rewards were SolePower bumper stickers, t-shirts, waterbottles, and SolePower insoles. The 20 largest backers opted to buy two insoles, donating one insole to someone in need of reliable power in a foreign nation. SolePower was featured in multiple articles along the way, including media based in South Africa, Israel, Germany, England, the Netherlands, Austria, and India.</p>
<p>SolePower plans to donate these insole in person as part of a larger case study in the upcoming year (for more information on this effort, please email <a title="email" href="info@solepowertech.com">info@solepowertech.com</a>).</p>
<p>&nbsp;</p>
<p>&nbsp;</p>
<img src="http://track.hubspot.com/__ptq.gif?a=414308&k=14&bu=http%3A%2F%2Fsolepowertech.com&r=http%3A%2F%2Fsolepowertech.com%2F2013%2F08%2F02%2Fkickstarter-60k-success%2F&bvt=rss&p=wordpress" style="float:left;" xml:base="https://solepowertech.com/feed/" width="1" height="1" border="0" align="right"/>]]></content:encoded>
			<wfw:commentRss>https://solepowertech.com/2013/08/02/kickstarter-60k-success/feed/</wfw:commentRss>
		<slash:comments>0</slash:comments>
		</item>
		<item>
		<title>WJF Finalists</title>
		<link>https://solepowertech.com/2013/06/16/wjf-finalists/</link>
		<comments>https://solepowertech.com/2013/06/16/wjf-finalists/#comments</comments>
		<pubDate>Sun, 16 Jun 2013 03:59:13 +0000</pubDate>
		<dc:creator><![CDATA[SolePower]]></dc:creator>
				<category><![CDATA[News]]></category>

		<guid isPermaLink="false">https://solepowertech.com/?p=533</guid>
		<description><![CDATA[SolePower was selected as a finalist for the William James Foundation (WJF) LOHAS Competition and the 2013 WJF Green Grab Investment Program. LOHAS Forum Boulder, CO; June 19, 2013 &#160; Green Grab Investment Competition Washington, DC; June 25, 2013 The Green Grab Investments Program connects high-growth sustainable companies who are seeking seed-stage investments with a [&#8230;]<img src="http://track.hubspot.com/__ptq.gif?a=414308&k=14&bu=http%3A%2F%2Fsolepowertech.com&r=http%3A%2F%2Fsolepowertech.com%2F2013%2F06%2F16%2Fwjf-finalists%2F&bvt=rss&p=wordpress" style="float:left;" xml:base="https://solepowertech.com/feed/" width="1" height="1" border="0" align="right"/>]]></description>
				<content:encoded><![CDATA[<p>SolePower was selected as a finalist for the William James Foundation (WJF) LOHAS Competition and the 2013 WJF Green Grab Investment Program.</p>
<p><a title="LOHAS" href="http://blog.lohas.com/blog/clean-tech" target="_blank">LOHAS Forum</a></p>
<p>Boulder, CO; June 19, 2013</p>
<p>&nbsp;</p>
<p><a title="Green Grab" href="http://www.williamjamesfoundation.org/index.cfm?fuseaction=Page.ViewPage&amp;PageID=1373" target="_blank">Green Grab Investment Competition</a></p>
<p>Washington, DC; June 25, 2013</p>
<p>The Green Grab Investments Program connects high-growth sustainable companies who are seeking seed-stage investments with a pool of mentors and investors. SolePower will pitch in front of a camera, audience, and panel of accredited investors.</p>
<img src="http://track.hubspot.com/__ptq.gif?a=414308&k=14&bu=http%3A%2F%2Fsolepowertech.com&r=http%3A%2F%2Fsolepowertech.com%2F2013%2F06%2F16%2Fwjf-finalists%2F&bvt=rss&p=wordpress" style="float:left;" xml:base="https://solepowertech.com/feed/" width="1" height="1" border="0" align="right"/>]]></content:encoded>
			<wfw:commentRss>https://solepowertech.com/2013/06/16/wjf-finalists/feed/</wfw:commentRss>
		<slash:comments>0</slash:comments>
		</item>
		<item>
		<title>Featured in Mashable, WTAE&#8230;</title>
		<link>https://solepowertech.com/2013/06/08/solepower-kickstarter-in-the-news/</link>
		<comments>https://solepowertech.com/2013/06/08/solepower-kickstarter-in-the-news/#comments</comments>
		<pubDate>Sat, 08 Jun 2013 20:16:06 +0000</pubDate>
		<dc:creator><![CDATA[SolePower]]></dc:creator>
				<category><![CDATA[News]]></category>

		<guid isPermaLink="false">https://solepowertech.com/?p=495</guid>
		<description><![CDATA[SolePower has been featured in over 15 articles related to the Kickstarter! Check out some of these below: Mashable Energy Harvesting Journal WTAE &#160; Kickstarter can be tracked here, at KickTraq.com. For a full media list, see our press page, here: PRESS<img src="http://track.hubspot.com/__ptq.gif?a=414308&k=14&bu=http%3A%2F%2Fsolepowertech.com&r=http%3A%2F%2Fsolepowertech.com%2F2013%2F06%2F08%2Fsolepower-kickstarter-in-the-news%2F&bvt=rss&p=wordpress" style="float:left;" xml:base="https://solepowertech.com/feed/" width="1" height="1" border="0" align="right"/>]]></description>
				<content:encoded><![CDATA[<p>SolePower has been featured in over 15 articles related to the <a title="SolePower Kickstarter" href="http://www.kickstarter.com/projects/764467377/solepower-power-by-walking-0" target="_blank">Kickstarter</a>! Check out some of these below:</p>
<h5><a title="Mashable" href="http://mashable.com/2013/06/07/solepower/" target="_blank">Mashable</a></h5>
<h5><a title="Energy Harvesting Journal" href="http://www.energyharvestingjournal.com/articles/power-generating-shoe-insert-00005504.asp?sessionid=1" target="_blank">Energy Harvesting Journal</a></h5>
<h5><a title="WTAE" href="http://www.wtae.com/news/local/allegheny/hightech-insole-charges-your-smartphone-as-you-walk/-/10927008/20526994/-/ri9ln1/-/index.html" target="_blank">WTAE</a></h5>
<p>&nbsp;</p>
<p><iframe width="640" height="360" src="http://www.youtube.com/embed/eHKmjZHUQtA?feature=oembed" frameborder="0" allowfullscreen></iframe></p>
<p><a title="SolePower Kickstarter" href="http://www.kickstarter.com/projects/764467377/solepower-power-by-walking-0" target="_blank">Kickstarter</a> can be tracked here, at <a title="SolePower KickTraq" href="http://www.kicktraq.com/projects/764467377/solepower-power-by-walking-0/" target="_blank">KickTraq.com</a>.</p>
<p>For a full media list, see our press page, here: <a title="press" href="/solepower-in-the-media/">PRESS</a></p>
<img src="http://track.hubspot.com/__ptq.gif?a=414308&k=14&bu=http%3A%2F%2Fsolepowertech.com&r=http%3A%2F%2Fsolepowertech.com%2F2013%2F06%2F08%2Fsolepower-kickstarter-in-the-news%2F&bvt=rss&p=wordpress" style="float:left;" xml:base="https://solepowertech.com/feed/" width="1" height="1" border="0" align="right"/>]]></content:encoded>
			<wfw:commentRss>https://solepowertech.com/2013/06/08/solepower-kickstarter-in-the-news/feed/</wfw:commentRss>
		<slash:comments>0</slash:comments>
		</item>
		<item>
		<title>SolePower Kickstarter</title>
		<link>https://solepowertech.com/2013/06/08/solepower-kickstarter/</link>
		<comments>https://solepowertech.com/2013/06/08/solepower-kickstarter/#comments</comments>
		<pubDate>Sat, 08 Jun 2013 19:57:04 +0000</pubDate>
		<dc:creator><![CDATA[SolePower]]></dc:creator>
				<category><![CDATA[News]]></category>

		<guid isPermaLink="false">https://solepowertech.com/?p=490</guid>
		<description><![CDATA[It&#8217;s live, here!<img src="http://track.hubspot.com/__ptq.gif?a=414308&k=14&bu=http%3A%2F%2Fsolepowertech.com&r=http%3A%2F%2Fsolepowertech.com%2F2013%2F06%2F08%2Fsolepower-kickstarter%2F&bvt=rss&p=wordpress" style="float:left;" xml:base="https://solepowertech.com/feed/" width="1" height="1" border="0" align="right"/>]]></description>
				<content:encoded><![CDATA[<h4>It&#8217;s live, <a title="SolePower Kickstarter" href="http://www.kickstarter.com/projects/764467377/solepower-power-by-walking-0" target="_blank">here</a>!</h4>
<img src="http://track.hubspot.com/__ptq.gif?a=414308&k=14&bu=http%3A%2F%2Fsolepowertech.com&r=http%3A%2F%2Fsolepowertech.com%2F2013%2F06%2F08%2Fsolepower-kickstarter%2F&bvt=rss&p=wordpress" style="float:left;" xml:base="https://solepowertech.com/feed/" width="1" height="1" border="0" align="right"/>]]></content:encoded>
			<wfw:commentRss>https://solepowertech.com/2013/06/08/solepower-kickstarter/feed/</wfw:commentRss>
		<slash:comments>0</slash:comments>
		</item>
		<item>
		<title>PGH Design, Art, and Technology Awards!</title>
		<link>https://solepowertech.com/2013/04/04/pgh-data-awards/</link>
		<comments>https://solepowertech.com/2013/04/04/pgh-data-awards/#comments</comments>
		<pubDate>Thu, 04 Apr 2013 21:42:53 +0000</pubDate>
		<dc:creator><![CDATA[SolePower]]></dc:creator>
				<category><![CDATA[News]]></category>

		<guid isPermaLink="false">https://solepowertech.com/?p=323</guid>
		<description><![CDATA[SolePower was selected as a finalist for the Pittsburgh Technology Council DATA. The DATA (Design, Art and Technology Awards) are given to Pittsburgh teams with creative technology and ideas. Vote for SolePower here: vote. Winners will be announced at the DATA Awards Gala and Interactive Exhibition on May 15th. SolePower will have a table at the Gala, [&#8230;]<img src="http://track.hubspot.com/__ptq.gif?a=414308&k=14&bu=http%3A%2F%2Fsolepowertech.com&r=http%3A%2F%2Fsolepowertech.com%2F2013%2F04%2F04%2Fpgh-data-awards%2F&bvt=rss&p=wordpress" style="float:left;" xml:base="https://solepowertech.com/feed/" width="1" height="1" border="0" align="right"/>]]></description>
				<content:encoded><![CDATA[<p>SolePower was selected as a finalist for the <a title="DATA" href="http://pittsburghartandtech.org/data/" target="_blank">Pittsburgh Technology Council DATA</a>. The DATA (Design, Art and Technology Awards) are given to Pittsburgh teams with creative technology and ideas. Vote for SolePower here: <a title="Vote" href="http://dataawards.pghtech.org/Account/SignUp?ReturnUrl=%2f" target="_blank">vote</a>. Winners will be announced at the DATA Awards Gala and Interactive Exhibition on May 15th. SolePower will have a table at the Gala, so if you&#8217;re in Pittsburgh, be sure to stop by!</p>
<img src="http://track.hubspot.com/__ptq.gif?a=414308&k=14&bu=http%3A%2F%2Fsolepowertech.com&r=http%3A%2F%2Fsolepowertech.com%2F2013%2F04%2F04%2Fpgh-data-awards%2F&bvt=rss&p=wordpress" style="float:left;" xml:base="https://solepowertech.com/feed/" width="1" height="1" border="0" align="right"/>]]></content:encoded>
			<wfw:commentRss>https://solepowertech.com/2013/04/04/pgh-data-awards/feed/</wfw:commentRss>
		<slash:comments>0</slash:comments>
		</item>
		<item>
		<title>McGinnis Venture Competition</title>
		<link>https://solepowertech.com/2013/04/04/mcginnis-venture-competition/</link>
		<comments>https://solepowertech.com/2013/04/04/mcginnis-venture-competition/#comments</comments>
		<pubDate>Thu, 04 Apr 2013 19:55:14 +0000</pubDate>
		<dc:creator><![CDATA[SolePower]]></dc:creator>
				<category><![CDATA[News]]></category>

		<guid isPermaLink="false">https://solepowertech.com/?p=298</guid>
		<description><![CDATA[1st place at the McGinnis Venture Competition! SolePower competed at the Carnegie Mellon McGinnis Venture competition and placed 1st among some tough competition. See more details here.<img src="http://track.hubspot.com/__ptq.gif?a=414308&k=14&bu=http%3A%2F%2Fsolepowertech.com&r=http%3A%2F%2Fsolepowertech.com%2F2013%2F04%2F04%2Fmcginnis-venture-competition%2F&bvt=rss&p=wordpress" style="float:left;" xml:base="https://solepowertech.com/feed/" width="1" height="1" border="0" align="right"/>]]></description>
				<content:encoded><![CDATA[<h4>1st place at the McGinnis Venture Competition!</h4>
<p>SolePower competed at the Carnegie Mellon McGinnis Venture competition and placed 1st among some tough competition. See more details <a title="McGinnis" href="http://tepper.cmu.edu/news-multimedia/news/news-detail/index.aspx?nid=586" target="_blank">here</a>.</p>
<img src="http://track.hubspot.com/__ptq.gif?a=414308&k=14&bu=http%3A%2F%2Fsolepowertech.com&r=http%3A%2F%2Fsolepowertech.com%2F2013%2F04%2F04%2Fmcginnis-venture-competition%2F&bvt=rss&p=wordpress" style="float:left;" xml:base="https://solepowertech.com/feed/" width="1" height="1" border="0" align="right"/>]]></content:encoded>
			<wfw:commentRss>https://solepowertech.com/2013/04/04/mcginnis-venture-competition/feed/</wfw:commentRss>
		<slash:comments>0</slash:comments>
		</item>
		<item>
		<title>William James Foundation Competition</title>
		<link>https://solepowertech.com/2013/03/27/william-james-foundation-competition/</link>
		<comments>https://solepowertech.com/2013/03/27/william-james-foundation-competition/#comments</comments>
		<pubDate>Wed, 27 Mar 2013 21:53:35 +0000</pubDate>
		<dc:creator><![CDATA[SolePower]]></dc:creator>
				<category><![CDATA[News]]></category>

		<guid isPermaLink="false">https://solepowertech.com/?p=326</guid>
		<description><![CDATA[SolePower was selected as a semi-finalist for the William James Foundation Business Plan Competition. SolePower received great feedback from the judges in the first round and will submit a full business plan for the semi-finals round. The WJF competition engages mentors to &#8220;discover, invest in, connect, and educate impact entrepreneurs who are building companies that will make [&#8230;]<img src="http://track.hubspot.com/__ptq.gif?a=414308&k=14&bu=http%3A%2F%2Fsolepowertech.com&r=http%3A%2F%2Fsolepowertech.com%2F2013%2F03%2F27%2Fwilliam-james-foundation-competition%2F&bvt=rss&p=wordpress" style="float:left;" xml:base="https://solepowertech.com/feed/" width="1" height="1" border="0" align="right"/>]]></description>
				<content:encoded><![CDATA[<p>SolePower was selected as a semi-finalist for the William James Foundation Business Plan Competition. SolePower received great feedback from the judges in the first round and will submit a full business plan for the semi-finals round.</p>
<p>The <a title="WJF " href="http://www.williamjamesfoundation.org/" target="_blank">WJF</a> competition engages mentors to &#8220;discover, invest in, connect, and educate impact entrepreneurs who are building companies that will make our world a better place to live.&#8221; One of SolePower&#8217;s potential markets are developing nations where access to power is unreliable and where people walk miles a day to charge their devices. Look for more updates in the future about SolePower initiatives to help solve this problem.</p>
<h3></h3>
<img src="http://track.hubspot.com/__ptq.gif?a=414308&k=14&bu=http%3A%2F%2Fsolepowertech.com&r=http%3A%2F%2Fsolepowertech.com%2F2013%2F03%2F27%2Fwilliam-james-foundation-competition%2F&bvt=rss&p=wordpress" style="float:left;" xml:base="https://solepowertech.com/feed/" width="1" height="1" border="0" align="right"/>]]></content:encoded>
			<wfw:commentRss>https://solepowertech.com/2013/03/27/william-james-foundation-competition/feed/</wfw:commentRss>
		<slash:comments>0</slash:comments>
		</item>
		<item>
		<title>Erie Sport and Travel Expo</title>
		<link>https://solepowertech.com/2013/03/03/erie-sport-and-travel-expo/</link>
		<comments>https://solepowertech.com/2013/03/03/erie-sport-and-travel-expo/#comments</comments>
		<pubDate>Sun, 03 Mar 2013 19:51:23 +0000</pubDate>
		<dc:creator><![CDATA[SolePower]]></dc:creator>
				<category><![CDATA[News]]></category>

		<guid isPermaLink="false">https://solepowertech.com/?p=271</guid>
		<description><![CDATA[SolePower attended the Sport and Travel Expo in Erie, PA. Hahna and Matt spoke with over 300 hunters, fisherman, hikers, and campers over 3 days and received  encouraging advice and feedback.<img src="http://track.hubspot.com/__ptq.gif?a=414308&k=14&bu=http%3A%2F%2Fsolepowertech.com&r=http%3A%2F%2Fsolepowertech.com%2F2013%2F03%2F03%2Ferie-sport-and-travel-expo%2F&bvt=rss&p=wordpress" style="float:left;" xml:base="https://solepowertech.com/feed/" width="1" height="1" border="0" align="right"/>]]></description>
				<content:encoded><![CDATA[<p>SolePower attended the Sport and Travel Expo in Erie, PA. Hahna and Matt spoke with over 300 hunters, fisherman, hikers, and campers over 3 days and received  encouraging advice and feedback.</p>
<p><img class="alignnone size-full wp-image-273" alt="Erie Conference" src="/wp-content/uploads/2013/03/Erie-Conference-e1375478688282.png" width="1023" height="768" /></p>
<img src="http://track.hubspot.com/__ptq.gif?a=414308&k=14&bu=http%3A%2F%2Fsolepowertech.com&r=http%3A%2F%2Fsolepowertech.com%2F2013%2F03%2F03%2Ferie-sport-and-travel-expo%2F&bvt=rss&p=wordpress" style="float:left;" xml:base="https://solepowertech.com/feed/" width="1" height="1" border="0" align="right"/>]]></content:encoded>
			<wfw:commentRss>https://solepowertech.com/2013/03/03/erie-sport-and-travel-expo/feed/</wfw:commentRss>
		<slash:comments>0</slash:comments>
		</item>
	</channel>
</rss>
