<?xml version="1.0" encoding="UTF-8"?><rss version="2.0"
	xmlns:content="http://purl.org/rss/1.0/modules/content/"
	xmlns:dc="http://purl.org/dc/elements/1.1/"
	xmlns:atom="http://www.w3.org/2005/Atom"
	xmlns:sy="http://purl.org/rss/1.0/modules/syndication/"
	
	>
<channel>
	<title>Comments on: Millennial Trains Project</title>
	<atom:link href="/2013/08/16/millennial-trains-project/feed/" rel="self" type="application/rss+xml" />
	<link>https://solepowertech.com/2013/08/16/millennial-trains-project/</link>
	<description>Powering the future, one step at a time</description>
	<lastBuildDate>Wed, 15 Jan 2014 02:08:41 +0000</lastBuildDate>
		<sy:updatePeriod>hourly</sy:updatePeriod>
		<sy:updateFrequency>1</sy:updateFrequency>
	<generator>http://wordpress.org/?v=3.9.1</generator>
	<item>
		<title>By: Thomas</title>
		<link>https://solepowertech.com/2013/08/16/millennial-trains-project/#comment-339</link>
		<dc:creator><![CDATA[Thomas]]></dc:creator>
		<pubDate>Fri, 13 Dec 2013 21:38:42 +0000</pubDate>
		<guid isPermaLink="false">https://solepowertech.com/?p=678#comment-339</guid>
		<description><![CDATA[I love the concept and product, the problem is that I want to help but cannot figure out where to buy one of these amazing devices.

I still love this product]]></description>
		<content:encoded><![CDATA[<p>I love the concept and product, the problem is that I want to help but cannot figure out where to buy one of these amazing devices.</p>
<p>I still love this product</p>
]]></content:encoded>
	</item>
</channel>
</rss>
